Model,Scenario,Region,Variable,Unit,2005,2010,2020,2030,2040,2050,2060,2070,2080,2090,2100
TIAM_Grantham,D3_HP_PriceShock,AUS,Energy System Cost,M$(2010)/yr,35750,116498,248832,379255,491568,514213,531419,547555,573976,596515,611771
TIAM_Grantham,D3_HP_PriceShock,CAN,Energy System Cost,M$(2010)/yr,91716,214636,497881,627053,716008,729316,759144,764049,787279,809186,836001
TIAM_Grantham,D3_HP_PriceShock,CHI,Energy System Cost,M$(2010)/yr,382099,1899486,4965467,5191725,6176428,6518007,6690561,6921499,6789087,6877522,6973622
TIAM_Grantham,D3_HP_PriceShock,CSA,Energy System Cost,M$(2010)/yr,190402,596383,1039380,2232707,3290455,3691727,3962359,4079589,4342146,4561515,4794960
TIAM_Grantham,D3_HP_PriceShock,EEU,Energy System Cost,M$(2010)/yr,73645,349909,1062658,1582358,1559054,1437661,1475477,1477582,1374208,1395126,1426583
TIAM_Grantham,D3_HP_PriceShock,FSU,Energy System Cost,M$(2010)/yr,266688,1222526,3232463,3989095,4196116,4039365,4232137,4227042,3672697,3711143,3792143
TIAM_Grantham,D3_HP_PriceShock,IND,Energy System Cost,M$(2010)/yr,148023,393407,996870,4463902,8034693,11392740,12744396,13103199,14023401,14537105,15228405
TIAM_Grantham,D3_HP_PriceShock,JPN,Energy System Cost,M$(2010)/yr,297468,505560,1052875,1046456,1196560,1297346,1282250,1302158,1305515,1330513,1351638
TIAM_Grantham,D3_HP_PriceShock,MEA,Energy System Cost,M$(2010)/yr,195606,664320,1350894,2485805,3550918,3715036,3854448,4096845,4224276,4359383,4558514
TIAM_Grantham,D3_HP_PriceShock,MEX,Energy System Cost,M$(2010)/yr,58898,164841,308987,415690,567893,673644,715782,746388,781368,813261,842191
TIAM_Grantham,D3_HP_PriceShock,ODA,Energy System Cost,M$(2010)/yr,224447,685956,1730423,3442260,4831671,6443373,7218378,7930563,8375534,8936852,9470069
TIAM_Grantham,D3_HP_PriceShock,SKO,Energy System Cost,M$(2010)/yr,122099,257107,472115,654287,719331,747334,748490,738193,721067,710242,708336
TIAM_Grantham,D3_HP_PriceShock,USA,Energy System Cost,M$(2010)/yr,748952,2035646,4911481,5613887,6516253,6854840,6920653,7039573,7088449,7241747,7334041
TIAM_Grantham,D3_HP_PriceShock,WEU,Energy System Cost,M$(2010)/yr,451261,1371357,2621027,4163925,3500588,3512580,3473465,3509900,3518003,3593716,3721531
TIAM_Grantham,D3_HP_PriceShock,World,Energy System Cost,M$(2010)/yr,3416487,10970955,25619536,38196055,48122874,54977749,58586083,60993454,62666982,65111657,67759523
TIAM_Grantham,D3_NG_PriceShock,AFR,Energy System Cost,M$(2010)/yr,129434,493323,1128184,1910487,2776353,3414683,3978023,4519450,5130086,5698151,6202840
TIAM_Grantham,D3_NG_PriceShock,AUS,Energy System Cost,M$(2010)/yr,35750,116498,248832,380424,490512,511810,529002,546011,571607,602571,621538
TIAM_Grantham,D3_NG_PriceShock,CAN,Energy System Cost,M$(2010)/yr,91716,214636,497881,621608,713390,727607,740337,770869,803775,829890,846302
TIAM_Grantham,D3_NG_PriceShock,CHI,Energy System Cost,M$(2010)/yr,382099,1899486,4965467,5186535,6177707,6542110,6726876,6934466,6822821,6882759,7016529
TIAM_Grantham,D3_NG_PriceShock,CSA,Energy System Cost,M$(2010)/yr,190402,596383,1039380,2232898,3269014,3666754,3967243,4084493,4338955,4570023,4807719
TIAM_Grantham,D3_NG_PriceShock,EEU,Energy System Cost,M$(2010)/yr,73645,349909,1062658,1582060,1539230,1440017,1475959,1480217,1371389,1406433,1436892
TIAM_Grantham,D3_NG_PriceShock,FSU,Energy System Cost,M$(2010)/yr,266688,1222526,3232463,3985402,4201240,4016408,4167643,4139011,3588620,3802112,3919828
TIAM_Grantham,D3_NG_PriceShock,IND,Energy System Cost,M$(2010)/yr,148023,393407,996870,4478591,8146621,11407580,12759599,13125126,14035597,14549956,15226830
TIAM_Grantham,D3_NG_PriceShock,JPN,Energy System Cost,M$(2010)/yr,297468,505560,1052875,1045781,1199246,1299195,1290136,1320982,1323448,1332155,1350546
TIAM_Grantham,D3_NG_PriceShock,MEA,Energy System Cost,M$(2010)/yr,195606,664320,1350894,2466963,3456463,3687948,3858134,4101091,4238760,4375590,4566876
TIAM_Grantham,D3_NG_PriceShock,MEX,Energy System Cost,M$(2010)/yr,58898,164841,308987,416890,566139,672099,719465,751232,786051,816343,846317
TIAM_Grantham,D3_NG_PriceShock,ODA,Energy System Cost,M$(2010)/yr,224447,685956,1730423,3431356,4832598,6438804,7228519,7945407,8414591,8994174,9532932
TIAM_Grantham,D3_NG_PriceShock,SKO,Energy System Cost,M$(2010)/yr,122099,257107,472115,653885,720848,746661,751653,740118,723383,712786,712061
TIAM_Grantham,D3_NG_PriceShock,USA,Energy System Cost,M$(2010)/yr,748952,2035646,4911481,5582288,6503840,6830636,6903961,7075811,7151418,7240048,7357408
TIAM_Grantham,D3_NG_PriceShock,WEU,Energy System Cost,M$(2010)/yr,451261,1371357,2621027,4167354,3447183,3488238,3463320,3519881,3575643,3646120,3743005
TIAM_Grantham,D3_NG_PriceShock,World,Energy System Cost,M$(2010)/yr,3416487,10970955,25619536,38142523,48040386,54890550,58559870,61054166,62876143,65459110,68187620
TIAM_Grantham,D5_NG_HP_PriceShock,AFR,Energy System Cost,M$(2010)/yr,129434,493323,1128184,1908266,2774825,3404975,3974212,4514213,5105185,5640842,6120851
TIAM_Grantham,D5_NG_HP_PriceShock,AUS,Energy System Cost,M$(2010)/yr,35750,116498,248832,380196,490078,511384,529820,546751,573480,601397,621175
TIAM_Grantham,D5_NG_HP_PriceShock,CAN,Energy System Cost,M$(2010)/yr,91716,214636,497881,620865,713201,729186,740408,773033,803194,830012,846720
TIAM_Grantham,D5_NG_HP_PriceShock,CHI,Energy System Cost,M$(2010)/yr,382099,1899486,4965467,5189758,6178024,6510957,6707600,6914380,6809404,6873796,6990947
TIAM_Grantham,D5_NG_HP_PriceShock,CSA,Energy System Cost,M$(2010)/yr,190402,596383,1039380,2228976,3274368,3675504,3964038,4079677,4331441,4562549,4806949
TIAM_Grantham,D5_NG_HP_PriceShock,EEU,Energy System Cost,M$(2010)/yr,73645,349909,1062658,1578958,1535314,1438448,1476304,1479954,1378236,1395450,1432810
TIAM_Grantham,D5_NG_HP_PriceShock,FSU,Energy System Cost,M$(2010)/yr,266688,1222526,3232463,3988673,4185511,4013397,4182170,4178624,3630246,3689012,3979040
TIAM_Grantham,D5_NG_HP_PriceShock,IND,Energy System Cost,M$(2010)/yr,148023,393407,996870,4470862,8146641,11394511,12743491,13094299,14009486,14541499,15219442
TIAM_Grantham,D5_NG_HP_PriceShock,JPN,Energy System Cost,M$(2010)/yr,297468,505560,1052875,1045983,1197946,1299238,1283988,1303462,1309210,1331013,1349853
TIAM_Grantham,D5_NG_HP_PriceShock,MEA,Energy System Cost,M$(2010)/yr,195606,664320,1350894,2456639,3463924,3694561,3850764,4109494,4237506,4371339,4559481
TIAM_Grantham,D5_NG_HP_PriceShock,MEX,Energy System Cost,M$(2010)/yr,58898,164841,308987,416085,567476,674169,719444,752118,783492,814966,844546
TIAM_Grantham,D5_NG_HP_PriceShock,ODA,Energy System Cost,M$(2010)/yr,224447,685956,1730423,3429176,4825558,6436239,7231039,7946760,8415331,8972526,9469322
TIAM_Grantham,D5_NG_HP_PriceShock,SKO,Energy System Cost,M$(2010)/yr,122099,257107,472115,654498,719714,747822,751623,736855,721111,712234,710746
TIAM_Grantham,D5_NG_HP_PriceShock,USA,Energy System Cost,M$(2010)/yr,748952,2035646,4911481,5584989,6497686,6823735,6906197,7073613,7142986,7241758,7333308
TIAM_Grantham,D5_NG_HP_PriceShock,WEU,Energy System Cost,M$(2010)/yr,451261,1371357,2621027,4164836,3444323,3498405,3465147,3514817,3555761,3652228,3721795
TIAM_Grantham,D5_NG_HP_PriceShock,World,Energy System Cost,M$(2010)/yr,3416487,10970955,25619536,38118759,48014591,54852532,58526246,61018050,62806070,65230618,68006986
TIAM_Grantham,D2_NDC_DACCS_2_4,AFR,Energy System Cost,M$(2010)/yr,129434,493323,1123306,1916554,2718587,3489666,4049260,4572538,5144303,5686784,6162989
TIAM_Grantham,D2_NDC_DACCS_2_4,AUS,Energy System Cost,M$(2010)/yr,35750,116498,248271,370560,469371,514879,534560,551127,576149,600314,615432
TIAM_Grantham,D2_NDC_DACCS_2_4,CAN,Energy System Cost,M$(2010)/yr,91716,214636,497881,672715,607042,776097,793725,791156,795628,826225,844357
TIAM_Grantham,D2_NDC_DACCS_2_4,CHI,Energy System Cost,M$(2010)/yr,382099,1899486,4965467,5121938,6193469,6657006,6860320,6984490,6840968,6896275,7019072
TIAM_Grantham,D2_NDC_DACCS_2_4,CSA,Energy System Cost,M$(2010)/yr,190402,596383,1036906,2190182,3300002,3708879,4033534,4123112,4369093,4570767,4795090
TIAM_Grantham,D2_NDC_DACCS_2_4,EEU,Energy System Cost,M$(2010)/yr,73645,349909,1062658,1569263,1564022,1467825,1500435,1472983,1373554,1393283,1422758
TIAM_Grantham,D2_NDC_DACCS_2_4,FSU,Energy System Cost,M$(2010)/yr,266688,1222526,3232463,3956718,4179642,4131182,4267792,4183304,3702776,3744857,3823281
TIAM_Grantham,D2_NDC_DACCS_2_4,IND,Energy System Cost,M$(2010)/yr,148023,393407,988659,4389904,8259605,11508618,12874144,13136595,14084192,14554367,15239823
TIAM_Grantham,D2_NDC_DACCS_2_4,JPN,Energy System Cost,M$(2010)/yr,297468,505560,1048248,998797,1601110,1456863,1325848,1331799,1323606,1338924,1358988
TIAM_Grantham,D2_NDC_DACCS_2_4,MEA,Energy System Cost,M$(2010)/yr,195606,664320,1347421,2558008,3843690,4031468,3982131,4105369,4222792,4421040,4581449
TIAM_Grantham,D2_NDC_DACCS_2_4,MEX,Energy System Cost,M$(2010)/yr,58898,164841,305809,414836,519675,689459,728526,747837,779731,812644,840490
TIAM_Grantham,D2_NDC_DACCS_2_4,ODA,Energy System Cost,M$(2010)/yr,224447,685956,1730423,3424043,4965271,6567721,7230011,7923467,8361254,8929222,9456754
TIAM_Grantham,D2_NDC_DACCS_2_4,SKO,Energy System Cost,M$(2010)/yr,122099,257107,472115,627198,2330394,807653,771354,745193,726012,711870,713642
TIAM_Grantham,D2_NDC_DACCS_2_4,USA,Energy System Cost,M$(2010)/yr,748952,2035646,4911481,5488385,6870419,7007557,6954242,7108466,7076948,7213685,7344800
TIAM_Grantham,D2_NDC_DACCS_2_4,WEU,Energy System Cost,M$(2010)/yr,451261,1371357,2621027,4101872,6079973,4386012,3602229,3625730,3525120,3590612,3700147
TIAM_Grantham,D2_NDC_DACCS_2_4,World,Energy System Cost,M$(2010)/yr,3416487,10970955,25592134,37800971,53502275,57200885,59508111,61403165,62902127,65290868,67919073
GCAM 7.0,D3_HP_PriceShock,Africa_Eastern,energy-investment,M$(2010)/yr,2611,3933,27512,53732,75458,106604,136218,149872,167989,202822,232033
GCAM 7.0,D3_HP_PriceShock,Africa_Eastern,energy-service,M$(2010)/yr,55051,83599,134032,200679,302005,447183,627210,812866,1006021,1225593,1470417
GCAM 7.0,D3_HP_PriceShock,Africa_Northern,energy-investment,M$(2010)/yr,11616,18660,88507,170990,200069,235323,268957,258082,299010,329635,347195
GCAM 7.0,D3_HP_PriceShock,Africa_Northern,energy-service,M$(2010)/yr,207650,316672,428228,648535,884596,1101691,1312274,1467900,1599478,1749843,1903616
GCAM 7.0,D3_HP_PriceShock,Africa_Southern,energy-investment,M$(2010)/yr,4184,5989,28851,55315,87500,110243,147242,160433,180435,196479,205183
GCAM 7.0,D3_HP_PriceShock,Africa_Southern,energy-service,M$(2010)/yr,47056,70462,105096,178515,304269,460812,621168,774326,942084,1100931,1250282
GCAM 7.0,D3_HP_PriceShock,Africa_Western,energy-investment,M$(2010)/yr,13074,41169,64104,99315,147954,205689,288127,324040,368676,445324,527800
GCAM 7.0,D3_HP_PriceShock,Africa_Western,energy-service,M$(2010)/yr,126669,166036,259974,370009,543941,772784,1040472,1329758,1650317,2033643,2473237
GCAM 7.0,D3_HP_PriceShock,Argentina,energy-investment,M$(2010)/yr,15148,7167,78481,53047,93298,81413,88008,82546,88052,85208,77495
GCAM 7.0,D3_HP_PriceShock,Argentina,energy-service,M$(2010)/yr,136205,179463,251970,313080,339807,375638,422498,446249,454636,458527,457565
GCAM 7.0,D3_HP_PriceShock,Australia_NZ,energy-investment,M$(2010)/yr,15472,20392,84326,172533,283817,228550,300420,282546,306026,311397,300131
GCAM 7.0,D3_HP_PriceShock,Australia_NZ,energy-service,M$(2010)/yr,548907,626925,725044,819858,913761,1004343,1109349,1206822,1263575,1298445,1311765
GCAM 7.0,D3_HP_PriceShock,Brazil,energy-investment,M$(2010)/yr,21382,24390,93576,156010,252786,233635,265076,250719,257499,258436,251479
GCAM 7.0,D3_HP_PriceShock,Brazil,energy-service,M$(2010)/yr,496663,680256,796380,995751,1160600,1337129,1498775,1567529,1598095,1608823,1597258
GCAM 7.0,D3_HP_PriceShock,Canada,energy-investment,M$(2010)/yr,37847,41147,94544,145935,155405,166047,203361,207631,212741,220225,220285
GCAM 7.0,D3_HP_PriceShock,Canada,energy-service,M$(2010)/yr,585342,684348,772368,858814,942753,1028581,1128646,1194952,1242042,1270080,1278377
GCAM 7.0,D3_HP_PriceShock,Central America and Caribbean,energy-investment,M$(2010)/yr,5430,4363,16549,41101,39328,46033,54645,56247,62441,66198,68256
GCAM 7.0,D3_HP_PriceShock,Central America and Caribbean,energy-service,M$(2010)/yr,115148,143895,170427,232806,297292,365214,452522,507164,553742,597746,633037
GCAM 7.0,D3_HP_PriceShock,Central Asia,energy-investment,M$(2010)/yr,2378,9021,43243,59870,71572,77394,90606,81775,100366,108613,103293
GCAM 7.0,D3_HP_PriceShock,Central Asia,energy-service,M$(2010)/yr,151352,205701,262591,327771,357726,387913,455139,511092,565639,620490,675841
GCAM 7.0,D3_HP_PriceShock,China,energy-investment,M$(2010)/yr,138683,170312,885424,1164060,1594164,1429927,1573452,1390066,1391217,1407172,1332393
GCAM 7.0,D3_HP_PriceShock,China,energy-service,M$(2010)/yr,1649340,2885009,4418453,5339190,5072341,5033681,5203653,5207411,4985969,4802703,4543302
GCAM 7.0,D3_HP_PriceShock,Colombia,energy-investment,M$(2010)/yr,3880,6223,8871,13059,22823,22973,20621,29369,29601,28646,33550
GCAM 7.0,D3_HP_PriceShock,Colombia,energy-service,M$(2010)/yr,54330,69703,97523,117603,135184,179575,226268,255969,277910,294672,306011
GCAM 7.0,D3_HP_PriceShock,EU-12,energy-investment,M$(2010)/yr,13203,13704,59796,87318,94352,87789,91407,70297,76701,83590,72500
GCAM 7.0,D3_HP_PriceShock,EU-12,energy-service,M$(2010)/yr,454643,547456,572949,577379,579108,565105,571477,560983,548450,538894,528886
GCAM 7.0,D3_HP_PriceShock,EU-15,energy-investment,M$(2010)/yr,72496,85220,222501,334571,399369,394095,397640,352258,417231,424693,367794
GCAM 7.0,D3_HP_PriceShock,EU-15,energy-service,M$(2010)/yr,3231483,3399419,3369509,3434756,3563095,3657968,3786040,3796695,3822062,3836224,3800736
GCAM 7.0,D3_HP_PriceShock,Europe_Eastern,energy-investment,M$(2010)/yr,5357,3493,21719,22434,29739,35297,35443,37304,42897,44654,44959
GCAM 7.0,D3_HP_PriceShock,Europe_Eastern,energy-service,M$(2010)/yr,174442,195604,178840,159005,169814,203137,232897,260884,277581,297938,313416
GCAM 7.0,D3_HP_PriceShock,Europe_Non_EU,energy-investment,M$(2010)/yr,4618,5208,40549,58444,57539,69266,64689,56623,66445,69557,61497
GCAM 7.0,D3_HP_PriceShock,Europe_Non_EU,energy-service,M$(2010)/yr,220709,273179,455825,634961,660144,671748,713252,730309,731943,730406,730735
GCAM 7.0,D3_HP_PriceShock,European Free Trade Association,energy-investment,M$(2010)/yr,49612,54285,52733,90357,100599,99836,112998,112165,123353,124593,120632
GCAM 7.0,D3_HP_PriceShock,European Free Trade Association,energy-service,M$(2010)/yr,714954,748720,809143,834676,877774,923896,1019258,1067576,1105575,1133060,1149867
GCAM 7.0,D3_HP_PriceShock,India,energy-investment,M$(2010)/yr,29863,29013,192032,419142,428001,498004,584320,604954,591573,622800,636158
GCAM 7.0,D3_HP_PriceShock,India,energy-service,M$(2010)/yr,345359,577960,910806,1493017,1798540,2142209,2515037,2799505,3016905,3166019,3255749
GCAM 7.0,D3_HP_PriceShock,Indonesia,energy-investment,M$(2010)/yr,43839,34867,70752,110401,149792,124997,151420,137679,130312,128441,140545
GCAM 7.0,D3_HP_PriceShock,Indonesia,energy-service,M$(2010)/yr,187354,249286,390585,508791,551357,626649,696251,727846,758713,780411,789005
GCAM 7.0,D3_HP_PriceShock,Japan,energy-investment,M$(2010)/yr,28904,13979,134764,224022,236148,267511,244760,257559,259161,261617,248618
GCAM 7.0,D3_HP_PriceShock,Japan,energy-service,M$(2010)/yr,1198622,1229127,1150074,1145301,1139007,1101021,1153664,1106205,1061275,1024777,1013814
GCAM 7.0,D3_HP_PriceShock,Mexico,energy-investment,M$(2010)/yr,4716,5871,42812,77406,90189,94480,103281,105794,109968,114992,116264
GCAM 7.0,D3_HP_PriceShock,Mexico,energy-service,M$(2010)/yr,326126,417148,447495,535133,621831,722298,820675,879163,918732,950566,964437
GCAM 7.0,D3_HP_PriceShock,Middle East,energy-investment,M$(2010)/yr,126528,229395,363758,310391,376543,358110,409122,379215,416299,448858,452538
GCAM 7.0,D3_HP_PriceShock,Middle East,energy-service,M$(2010)/yr,862692,1295242,1668358,2021468,2311197,2566540,2898035,3084440,3210809,3341219,3459739
GCAM 7.0,D3_HP_PriceShock,Pakistan,energy-investment,M$(2010)/yr,2026,1669,27824,50239,65336,87876,103316,110696,124771,133120,141379
GCAM 7.0,D3_HP_PriceShock,Pakistan,energy-service,M$(2010)/yr,78363,115034,157149,225129,317118,443318,590338,726539,852889,978114,1103431
GCAM 7.0,D3_HP_PriceShock,Russia,energy-investment,M$(2010)/yr,37830,31533,160925,164647,252307,205914,227005,209204,238388,246936,265822
GCAM 7.0,D3_HP_PriceShock,Russia,energy-service,M$(2010)/yr,740243,916553,1002862,1064707,1019338,1117990,1222650,1289976,1370863,1447858,1508140
GCAM 7.0,D3_HP_PriceShock,South Africa,energy-investment,M$(2010)/yr,3646,2449,35401,57245,82699,84981,82840,80193,91822,96806,93699
GCAM 7.0,D3_HP_PriceShock,South Africa,energy-service,M$(2010)/yr,144467,164500,187075,214134,257866,305962,344700,364892,379160,394745,407712
GCAM 7.0,D3_HP_PriceShock,South America_Northern,energy-investment,M$(2010)/yr,21617,25101,36824,50274,55842,50484,45126,51508,52124,44934,42241
GCAM 7.0,D3_HP_PriceShock,South America_Northern,energy-service,M$(2010)/yr,155566,185975,152726,209836,309994,361406,371366,341467,348133,345565,340655
GCAM 7.0,D3_HP_PriceShock,South America_Southern,energy-investment,M$(2010)/yr,8054,10717,27023,42960,61443,55993,62989,61632,74114,82585,76052
GCAM 7.0,D3_HP_PriceShock,South America_Southern,energy-service,M$(2010)/yr,127922,207140,263459,319262,363703,411962,491815,551484,594381,632721,663473
GCAM 7.0,D3_HP_PriceShock,South Asia,energy-investment,M$(2010)/yr,1716,3473,23820,36148,40896,48956,55956,58079,66308,68841,72934
GCAM 7.0,D3_HP_PriceShock,South Asia,energy-service,M$(2010)/yr,40203,69991,117425,162979,214540,279182,346398,392600,431389,467119,499497
GCAM 7.0,D3_HP_PriceShock,South Korea,energy-investment,M$(2010)/yr,12800,11389,196334,284072,305502,302639,301271,291003,290241,278656,262980
GCAM 7.0,D3_HP_PriceShock,South Korea,energy-service,M$(2010)/yr,607229,694910,814950,862964,906688,892577,915310,880332,836685,789157,750805
GCAM 7.0,D3_HP_PriceShock,Southeast Asia,energy-investment,M$(2010)/yr,24502,30789,142849,226863,256235,250804,282015,276936,287806,303392,308977
GCAM 7.0,D3_HP_PriceShock,Southeast Asia,energy-service,M$(2010)/yr,424741,593837,839679,1085345,1221348,1349973,1520194,1610104,1672572,1732324,1781139
GCAM 7.0,D3_HP_PriceShock,Taiwan,energy-investment,M$(2010)/yr,7370,5257,18297,21684,24295,18295,23302,17416,15944,18852,15970
GCAM 7.0,D3_HP_PriceShock,Taiwan,energy-service,M$(2010)/yr,122630,134723,156915,183234,178632,159991,158636,151178,135914,125417,118993
GCAM 7.0,D3_HP_PriceShock,USA,energy-investment,M$(2010)/yr,211873,212933,408462,628149,606840,709135,716888,697499,854076,848028,769940
GCAM 7.0,D3_HP_PriceShock,USA,energy-service,M$(2010)/yr,3757684,4046026,4692533,5249678,5505556,5864456,6353766,6602763,6814853,6969645,7065703
GCAM 7.0,D3_HP_PriceShock,World,energy-service,M$(2010)/yr,18089141,22173897,26760442,31324365,33820922,36861932,40819734,43206979,45028391,46743674,48146639
GCAM 7.0,D3_HP_PriceShock,World,energy-investment,M$(2010)/yr,982273,1163111,3793159,5481731,6737838,6788293,7532519,7241339,7793585,8106096,8010591
GCAM 7.0,D3_NG_PriceShock,Africa_Eastern,energy-investment,M$(2010)/yr,2611,3933,27512,53735,75421,106268,135980,149841,167276,202521,232434
GCAM 7.0,D3_NG_PriceShock,Africa_Eastern,energy-service,M$(2010)/yr,55051,83599,134032,200687,302046,446905,624665,808337,1002681,1221182,1465330
GCAM 7.0,D3_NG_PriceShock,Africa_Northern,energy-investment,M$(2010)/yr,11616,18660,88507,171021,200106,236477,274864,259428,302976,333224,355132
GCAM 7.0,D3_NG_PriceShock,Africa_Northern,energy-service,M$(2010)/yr,207650,316672,428228,648545,884597,1101016,1313540,1465542,1600782,1750711,1916776
GCAM 7.0,D3_NG_PriceShock,Africa_Southern,energy-investment,M$(2010)/yr,4184,5989,28851,55321,87518,111127,144464,161616,180195,197321,205786
GCAM 7.0,D3_NG_PriceShock,Africa_Southern,energy-service,M$(2010)/yr,47056,70462,105096,178523,304431,462333,623590,778856,948637,1107915,1254005
GCAM 7.0,D3_NG_PriceShock,Africa_Western,energy-investment,M$(2010)/yr,13074,41169,64104,99360,147782,206985,290747,326904,369483,445878,527632
GCAM 7.0,D3_NG_PriceShock,Africa_Western,energy-service,M$(2010)/yr,126669,166036,259974,370027,544043,774159,1042184,1334098,1658761,2045750,2484242
GCAM 7.0,D3_NG_PriceShock,Argentina,energy-investment,M$(2010)/yr,15148,7167,78481,53059,94059,99381,94729,92474,95933,91627,87790
GCAM 7.0,D3_NG_PriceShock,Argentina,energy-service,M$(2010)/yr,136205,179463,251970,313085,339892,377061,425112,445559,455783,461683,460818
GCAM 7.0,D3_NG_PriceShock,Australia_NZ,energy-investment,M$(2010)/yr,15472,20392,84326,172536,284406,237344,307308,296315,319608,326138,310214
GCAM 7.0,D3_NG_PriceShock,Australia_NZ,energy-service,M$(2010)/yr,548907,626925,725044,819830,913510,999288,1092213,1178517,1247612,1298370,1320294
GCAM 7.0,D3_NG_PriceShock,Brazil,energy-investment,M$(2010)/yr,21382,24390,93576,156024,252883,249563,293012,262332,287188,275273,266901
GCAM 7.0,D3_NG_PriceShock,Brazil,energy-service,M$(2010)/yr,496663,680256,796380,995746,1160505,1337079,1493970,1564366,1593870,1605069,1598400
GCAM 7.0,D3_NG_PriceShock,Canada,energy-investment,M$(2010)/yr,37847,41147,94544,145980,156561,174024,215719,206177,220836,225956,234573
GCAM 7.0,D3_NG_PriceShock,Canada,energy-service,M$(2010)/yr,585342,684348,772368,858836,942663,1031781,1134673,1197567,1244721,1272801,1280670
GCAM 7.0,D3_NG_PriceShock,Central America and Caribbean,energy-investment,M$(2010)/yr,5430,4363,16549,41110,39863,49490,57753,59240,66665,69629,70165
GCAM 7.0,D3_NG_PriceShock,Central America and Caribbean,energy-service,M$(2010)/yr,115148,143895,170427,232815,297465,367372,455616,510085,555865,600021,634932
GCAM 7.0,D3_NG_PriceShock,Central Asia,energy-investment,M$(2010)/yr,2378,9021,43244,59875,71725,85273,105074,98573,113577,114315,107885
GCAM 7.0,D3_NG_PriceShock,Central Asia,energy-service,M$(2010)/yr,151352,205701,262591,327776,357794,393512,468260,522867,576691,631801,684369
GCAM 7.0,D3_NG_PriceShock,China,energy-investment,M$(2010)/yr,138683,170312,885424,1164097,1595040,1451325,1759078,1415195,1448446,1448082,1355010
GCAM 7.0,D3_NG_PriceShock,China,energy-service,M$(2010)/yr,1649340,2885009,4418453,5339190,5072157,5035902,5228987,5207260,5001967,4836003,4603305
GCAM 7.0,D3_NG_PriceShock,Colombia,energy-investment,M$(2010)/yr,3880,6223,8871,15102,38952,27388,26163,30277,32146,34519,34215
GCAM 7.0,D3_NG_PriceShock,Colombia,energy-service,M$(2010)/yr,54330,69703,97523,118025,140539,180101,225402,256935,281066,298329,309413
GCAM 7.0,D3_NG_PriceShock,EU-12,energy-investment,M$(2010)/yr,13203,13704,59796,87327,94601,89674,91991,71311,77629,88692,69692
GCAM 7.0,D3_NG_PriceShock,EU-12,energy-service,M$(2010)/yr,454643,547456,572949,577381,579079,566366,572583,562017,549327,539534,529150
GCAM 7.0,D3_NG_PriceShock,EU-15,energy-investment,M$(2010)/yr,72496,85220,222501,334600,399947,398659,403639,355349,421835,429845,372896
GCAM 7.0,D3_NG_PriceShock,EU-15,energy-service,M$(2010)/yr,3231483,3399419,3369509,3434756,3563079,3664999,3793706,3803208,3827122,3842019,3802156
GCAM 7.0,D3_NG_PriceShock,Europe_Eastern,energy-investment,M$(2010)/yr,5357,3493,21719,22450,29650,35466,35954,39593,43841,44599,45467
GCAM 7.0,D3_NG_PriceShock,Europe_Eastern,energy-service,M$(2010)/yr,174442,195604,178840,159040,169849,202835,231120,259774,276559,296320,311306
GCAM 7.0,D3_NG_PriceShock,Europe_Non_EU,energy-investment,M$(2010)/yr,4618,5208,40549,58448,57598,69718,65431,56918,66718,69605,62076
GCAM 7.0,D3_NG_PriceShock,Europe_Non_EU,energy-service,M$(2010)/yr,220709,273179,455825,634974,660123,673195,715694,731403,733791,732818,732232
GCAM 7.0,D3_NG_PriceShock,European Free Trade Association,energy-investment,M$(2010)/yr,49612,54285,52733,90355,102877,101201,114641,112631,126026,127568,124818
GCAM 7.0,D3_NG_PriceShock,European Free Trade Association,energy-service,M$(2010)/yr,714954,748720,809143,834674,880935,922675,1018725,1067596,1106148,1133519,1150288
GCAM 7.0,D3_NG_PriceShock,India,energy-investment,M$(2010)/yr,29863,29013,192032,419135,428253,499153,587408,613047,596678,626589,641551
GCAM 7.0,D3_NG_PriceShock,India,energy-service,M$(2010)/yr,345359,577960,910806,1493015,1798757,2143913,2522468,2807537,3026942,3176941,3262879
GCAM 7.0,D3_NG_PriceShock,Indonesia,energy-investment,M$(2010)/yr,43839,34867,70752,110398,149843,124146,156902,136472,131192,129791,140721
GCAM 7.0,D3_NG_PriceShock,Indonesia,energy-service,M$(2010)/yr,187354,249286,390585,508789,551364,626130,696878,727611,757881,779329,787702
GCAM 7.0,D3_NG_PriceShock,Japan,energy-investment,M$(2010)/yr,28904,13979,134764,224034,236240,269503,251758,258276,262614,262193,253209
GCAM 7.0,D3_NG_PriceShock,Japan,energy-service,M$(2010)/yr,1198622,1229127,1150074,1145288,1139453,1105101,1147191,1108468,1066552,1030477,1011269
GCAM 7.0,D3_NG_PriceShock,Mexico,energy-investment,M$(2010)/yr,4716,5871,42812,77449,91512,101051,113147,114822,119507,121991,122684
GCAM 7.0,D3_NG_PriceShock,Mexico,energy-service,M$(2010)/yr,326126,417148,447495,535187,621866,728442,828260,883627,923886,956905,968982
GCAM 7.0,D3_NG_PriceShock,Middle East,energy-investment,M$(2010)/yr,126528,229395,363758,310667,376007,373733,434103,396351,443435,466830,476376
GCAM 7.0,D3_NG_PriceShock,Middle East,energy-service,M$(2010)/yr,862692,1295242,1668358,2021602,2312215,2584024,2927861,3102643,3230532,3359506,3473099
GCAM 7.0,D3_NG_PriceShock,Pakistan,energy-investment,M$(2010)/yr,2026,1669,27824,50242,65369,88148,103719,111206,125310,133629,141703
GCAM 7.0,D3_NG_PriceShock,Pakistan,energy-service,M$(2010)/yr,78363,115034,157149,225126,317111,443148,589290,724605,851586,976392,1101332
GCAM 7.0,D3_NG_PriceShock,Russia,energy-investment,M$(2010)/yr,37830,31533,160925,164743,253162,224515,243782,218059,244653,254582,280660
GCAM 7.0,D3_NG_PriceShock,Russia,energy-service,M$(2010)/yr,740243,916553,1002862,1064725,1019565,1124997,1187811,1249314,1322587,1397262,1457437
GCAM 7.0,D3_NG_PriceShock,South Africa,energy-investment,M$(2010)/yr,3646,2449,35401,57242,82768,85644,82327,81211,92593,96512,94699
GCAM 7.0,D3_NG_PriceShock,South Africa,energy-service,M$(2010)/yr,144467,164500,187075,214136,257962,306873,345620,365804,380748,396393,409100
GCAM 7.0,D3_NG_PriceShock,South America_Northern,energy-investment,M$(2010)/yr,21617,25101,36824,50336,55860,50669,42718,60584,53711,47214,44096
GCAM 7.0,D3_NG_PriceShock,South America_Northern,energy-service,M$(2010)/yr,155566,185975,152726,209881,310084,361323,364301,344364,350299,347808,343280
GCAM 7.0,D3_NG_PriceShock,South America_Southern,energy-investment,M$(2010)/yr,8054,10717,27023,42967,62609,79095,73460,72147,90065,84904,84975
GCAM 7.0,D3_NG_PriceShock,South America_Southern,energy-service,M$(2010)/yr,127922,207140,263459,319277,363699,411663,493233,550165,595226,636392,668382
GCAM 7.0,D3_NG_PriceShock,South Asia,energy-investment,M$(2010)/yr,1716,3473,23820,36150,40929,48907,56198,58106,66380,68814,73093
GCAM 7.0,D3_NG_PriceShock,South Asia,energy-service,M$(2010)/yr,40203,69991,117425,162976,214481,278665,346246,391575,430858,467009,499652
GCAM 7.0,D3_NG_PriceShock,South Korea,energy-investment,M$(2010)/yr,12800,11389,196334,284082,305512,303058,302061,291412,290403,279323,263833
GCAM 7.0,D3_NG_PriceShock,South Korea,energy-service,M$(2010)/yr,607229,694910,814950,862979,906872,894636,919268,881937,839537,792445,753798
GCAM 7.0,D3_NG_PriceShock,Southeast Asia,energy-investment,M$(2010)/yr,24502,30789,142849,226895,256550,253590,294140,281504,294102,309294,313244
GCAM 7.0,D3_NG_PriceShock,Southeast Asia,energy-service,M$(2010)/yr,424741,593837,839679,1085385,1221680,1352760,1525510,1613713,1675244,1734045,1781456
GCAM 7.0,D3_NG_PriceShock,Taiwan,energy-investment,M$(2010)/yr,7370,5257,18297,21688,24303,18313,23441,17484,15980,18890,16040
GCAM 7.0,D3_NG_PriceShock,Taiwan,energy-service,M$(2010)/yr,122630,134723,156915,183234,178576,159953,158705,151150,136013,125585,119280
GCAM 7.0,D3_NG_PriceShock,USA,energy-investment,M$(2010)/yr,211873,212933,408462,633010,660660,919985,907542,894816,1029303,996294,930825
GCAM 7.0,D3_NG_PriceShock,USA,energy-service,M$(2010)/yr,3757684,4046026,4692533,5249562,5505355,5902431,6372854,6618260,6821716,6973519,7068592
GCAM 7.0,D3_NG_PriceShock,World,energy-service,M$(2010)/yr,18089141,22173897,26760442,31325070,33831748,36960637,40885533,43214758,45070991,46823852,48243927
GCAM 7.0,D3_NG_PriceShock,World,energy-investment,M$(2010)/yr,982273,1163111,3793160,5489438,6818566,7168870,8089249,7599670,8196302,8421641,8340394
GCAM 7.0,D5_NG_HP_PriceShock,Africa_Eastern,energy-investment,M$(2010)/yr,2611,3933,27512,53732,75473,106168,135573,149696,167296,202247,232050
GCAM 7.0,D5_NG_HP_PriceShock,Africa_Eastern,energy-service,M$(2010)/yr,55051,83599,134032,200679,302008,446929,624298,807737,1003673,1220919,1464881
GCAM 7.0,D5_NG_HP_PriceShock,Africa_Northern,energy-investment,M$(2010)/yr,11616,18660,88507,170990,200151,236536,274040,259072,300286,331943,351129
GCAM 7.0,D5_NG_HP_PriceShock,Africa_Northern,energy-service,M$(2010)/yr,207650,316672,428228,648536,884634,1100921,1312470,1464156,1595019,1748757,1903165
GCAM 7.0,D5_NG_HP_PriceShock,Africa_Southern,energy-investment,M$(2010)/yr,4184,5989,28851,55315,87530,111190,135845,161570,179450,196885,205814
GCAM 7.0,D5_NG_HP_PriceShock,Africa_Southern,energy-service,M$(2010)/yr,47056,70462,105096,178515,304307,462234,624789,781450,953109,1111682,1260810
GCAM 7.0,D5_NG_HP_PriceShock,Africa_Western,energy-investment,M$(2010)/yr,13074,41169,64104,99313,147958,206167,283496,325378,368400,445892,527079
GCAM 7.0,D5_NG_HP_PriceShock,Africa_Western,energy-service,M$(2010)/yr,126669,166036,259974,370009,543951,774269,1044709,1337682,1662330,2049558,2489252
GCAM 7.0,D5_NG_HP_PriceShock,Argentina,energy-investment,M$(2010)/yr,15148,7167,78481,53048,93329,81153,87627,85276,90228,84883,81124
GCAM 7.0,D5_NG_HP_PriceShock,Argentina,energy-service,M$(2010)/yr,136205,179463,251970,313082,339828,376969,426491,446745,456812,462438,461678
GCAM 7.0,D5_NG_HP_PriceShock,Australia_NZ,energy-investment,M$(2010)/yr,15472,20392,84326,172536,283820,226848,299050,285518,329346,310982,303359
GCAM 7.0,D5_NG_HP_PriceShock,Australia_NZ,energy-service,M$(2010)/yr,548907,626925,725044,819858,913749,999039,1100672,1191396,1269290,1309292,1322705
GCAM 7.0,D5_NG_HP_PriceShock,Brazil,energy-investment,M$(2010)/yr,21382,24390,93576,156011,252850,235014,266086,241185,265842,253979,245926
GCAM 7.0,D5_NG_HP_PriceShock,Brazil,energy-service,M$(2010)/yr,496663,680256,796380,995751,1160610,1337563,1495545,1566749,1596478,1606350,1599902
GCAM 7.0,D5_NG_HP_PriceShock,Canada,energy-investment,M$(2010)/yr,37847,41147,94544,145931,155482,170499,208426,200472,217067,222761,231943
GCAM 7.0,D5_NG_HP_PriceShock,Canada,energy-service,M$(2010)/yr,585342,684348,772368,858814,942760,1031786,1135443,1197878,1245037,1272807,1281037
GCAM 7.0,D5_NG_HP_PriceShock,Central America and Caribbean,energy-investment,M$(2010)/yr,5430,4363,16549,41100,39361,46453,55745,57102,63541,68127,68818
GCAM 7.0,D5_NG_HP_PriceShock,Central America and Caribbean,energy-service,M$(2010)/yr,115148,143895,170427,232806,297322,367395,456685,511224,557186,601243,635959
GCAM 7.0,D5_NG_HP_PriceShock,Central Asia,energy-investment,M$(2010)/yr,2378,9021,43243,59871,71616,77952,90826,89934,104358,105678,100829
GCAM 7.0,D5_NG_HP_PriceShock,Central Asia,energy-service,M$(2010)/yr,151352,205701,262591,327771,357764,393123,469485,524403,577862,633980,686579
GCAM 7.0,D5_NG_HP_PriceShock,China,energy-investment,M$(2010)/yr,138683,170312,885424,1164060,1594147,1437519,1577457,1380145,1409612,1409041,1321339
GCAM 7.0,D5_NG_HP_PriceShock,China,energy-service,M$(2010)/yr,1649340,2885009,4418453,5339190,5072191,5041246,5248192,5223109,5020271,4852018,4616264
GCAM 7.0,D5_NG_HP_PriceShock,Colombia,energy-investment,M$(2010)/yr,3880,6223,8871,13064,19587,21178,22066,27765,29529,31052,31731
GCAM 7.0,D5_NG_HP_PriceShock,Colombia,energy-service,M$(2010)/yr,54330,69703,97523,117612,137536,180968,227006,258150,281879,299000,310066
GCAM 7.0,D5_NG_HP_PriceShock,EU-12,energy-investment,M$(2010)/yr,13203,13704,59796,87319,94525,87907,90970,70594,77106,87287,69578
GCAM 7.0,D5_NG_HP_PriceShock,EU-12,energy-service,M$(2010)/yr,454643,547456,572949,577379,579098,565814,573159,562331,549290,539722,529781
GCAM 7.0,D5_NG_HP_PriceShock,EU-15,energy-investment,M$(2010)/yr,72496,85220,222501,334573,399800,393716,401298,353589,418923,426692,369272
GCAM 7.0,D5_NG_HP_PriceShock,EU-15,energy-service,M$(2010)/yr,3231483,3399419,3369509,3434756,3563095,3661876,3797279,3804794,3826705,3843004,3806882
GCAM 7.0,D5_NG_HP_PriceShock,Europe_Eastern,energy-investment,M$(2010)/yr,5357,3493,21719,22435,29825,35351,35462,38915,43159,43461,44834
GCAM 7.0,D5_NG_HP_PriceShock,Europe_Eastern,energy-service,M$(2010)/yr,174442,195604,178840,159005,169881,203299,230929,259535,276545,296191,311440
GCAM 7.0,D5_NG_HP_PriceShock,Europe_Non_EU,energy-investment,M$(2010)/yr,4618,5208,40549,58445,57576,69108,64717,56759,66431,69435,61724
GCAM 7.0,D5_NG_HP_PriceShock,Europe_Non_EU,energy-service,M$(2010)/yr,220709,273179,455825,634961,660121,673225,716853,732627,734975,733619,733072
GCAM 7.0,D5_NG_HP_PriceShock,European Free Trade Association,energy-investment,M$(2010)/yr,49612,54285,52733,90355,100773,99593,113875,112706,124408,125910,124016
GCAM 7.0,D5_NG_HP_PriceShock,European Free Trade Association,energy-service,M$(2010)/yr,714954,748720,809143,834676,878290,923315,1018875,1067501,1106076,1133526,1150319
GCAM 7.0,D5_NG_HP_PriceShock,India,energy-investment,M$(2010)/yr,29863,29013,192032,419145,428135,498156,582394,605517,594640,624644,636898
GCAM 7.0,D5_NG_HP_PriceShock,India,energy-service,M$(2010)/yr,345359,577960,910806,1493022,1798607,2143696,2524439,2809558,3029347,3178628,3265217
GCAM 7.0,D5_NG_HP_PriceShock,Indonesia,energy-investment,M$(2010)/yr,43839,34867,70752,110405,149754,122922,152265,136086,129973,129224,140418
GCAM 7.0,D5_NG_HP_PriceShock,Indonesia,energy-service,M$(2010)/yr,187354,249286,390585,508791,551364,626569,695759,727163,757180,778764,787741
GCAM 7.0,D5_NG_HP_PriceShock,Japan,energy-investment,M$(2010)/yr,28904,13979,134764,224024,236198,264091,249700,256834,260518,260495,251303
GCAM 7.0,D5_NG_HP_PriceShock,Japan,energy-service,M$(2010)/yr,1198622,1229127,1150074,1145301,1139084,1104934,1149835,1110348,1069931,1032164,1014694
GCAM 7.0,D5_NG_HP_PriceShock,Mexico,energy-investment,M$(2010)/yr,4716,5871,42812,77408,90256,95295,103214,106849,113368,117965,117287
GCAM 7.0,D5_NG_HP_PriceShock,Mexico,energy-service,M$(2010)/yr,326126,417148,447495,535133,621873,728965,830027,886049,926927,959620,971496
GCAM 7.0,D5_NG_HP_PriceShock,Middle East,energy-investment,M$(2010)/yr,126528,229395,363758,310391,376413,357773,405728,382395,428783,458058,465498
GCAM 7.0,D5_NG_HP_PriceShock,Middle East,energy-service,M$(2010)/yr,862692,1295242,1668358,2021468,2311030,2581887,2931301,3106167,3231266,3361226,3475955
GCAM 7.0,D5_NG_HP_PriceShock,Pakistan,energy-investment,M$(2010)/yr,2026,1669,27824,50239,65376,87936,103594,111161,124942,133402,141754
GCAM 7.0,D5_NG_HP_PriceShock,Pakistan,energy-service,M$(2010)/yr,78363,115034,157149,225131,317123,443148,589300,724712,852528,976908,1101794
GCAM 7.0,D5_NG_HP_PriceShock,Russia,energy-investment,M$(2010)/yr,37830,31533,160925,164654,252242,207381,226113,209967,245746,250640,278155
GCAM 7.0,D5_NG_HP_PriceShock,Russia,energy-service,M$(2010)/yr,740243,916553,1002862,1064705,1019315,1124656,1196333,1260391,1337934,1411866,1471619
GCAM 7.0,D5_NG_HP_PriceShock,South Africa,energy-investment,M$(2010)/yr,3646,2449,35401,57245,82712,85100,82256,81042,92213,96423,94591
GCAM 7.0,D5_NG_HP_PriceShock,South Africa,energy-service,M$(2010)/yr,144467,164500,187075,214134,257876,306838,346159,366186,381191,396722,409594
GCAM 7.0,D5_NG_HP_PriceShock,South America_Northern,energy-investment,M$(2010)/yr,21617,25101,36824,50276,55929,50829,43404,60047,52600,45385,42130
GCAM 7.0,D5_NG_HP_PriceShock,South America_Northern,energy-service,M$(2010)/yr,155566,185975,152726,209839,310022,361231,366149,344715,350612,347896,343409
GCAM 7.0,D5_NG_HP_PriceShock,South America_Southern,energy-investment,M$(2010)/yr,8054,10717,27023,42959,61445,59303,62480,62160,82470,76241,75964
GCAM 7.0,D5_NG_HP_PriceShock,South America_Southern,energy-service,M$(2010)/yr,127922,207140,263459,319262,363689,412443,496912,553288,598224,638550,670305
GCAM 7.0,D5_NG_HP_PriceShock,South Asia,energy-investment,M$(2010)/yr,1716,3473,23820,36146,40924,48821,55961,58205,66140,68657,73033
GCAM 7.0,D5_NG_HP_PriceShock,South Asia,energy-service,M$(2010)/yr,40203,69991,117425,162979,214513,278710,345391,391321,431640,467453,500340
GCAM 7.0,D5_NG_HP_PriceShock,South Korea,energy-investment,M$(2010)/yr,12800,11389,196334,284037,305523,303092,302278,291614,290497,279331,263910
GCAM 7.0,D5_NG_HP_PriceShock,South Korea,energy-service,M$(2010)/yr,607229,694910,814950,862979,906718,894572,920294,882441,840406,792983,754346
GCAM 7.0,D5_NG_HP_PriceShock,Southeast Asia,energy-investment,M$(2010)/yr,24502,30789,142849,226861,256303,250851,282940,275727,335266,302875,305271
GCAM 7.0,D5_NG_HP_PriceShock,Southeast Asia,energy-service,M$(2010)/yr,424741,593837,839679,1085343,1221425,1353431,1529478,1618003,1662422,1742862,1787267
GCAM 7.0,D5_NG_HP_PriceShock,Taiwan,energy-investment,M$(2010)/yr,7370,5257,18297,21684,24308,18288,23416,17474,15966,18878,16058
GCAM 7.0,D5_NG_HP_PriceShock,Taiwan,energy-service,M$(2010)/yr,122630,134723,156915,183234,178595,159971,158760,151145,135975,125560,119293
GCAM 7.0,D5_NG_HP_PriceShock,USA,energy-investment,M$(2010)/yr,211873,212933,408462,628125,606332,734446,702891,717011,866291,828168,758935
GCAM 7.0,D5_NG_HP_PriceShock,USA,energy-service,M$(2010)/yr,3757684,4046026,4692533,5249662,5505289,5910765,6390823,6638300,6846249,6995496,7090987
GCAM 7.0,D5_NG_HP_PriceShock,World,energy-service,M$(2010)/yr,18089141,22173897,26760442,31324383,33823668,36971786,40973839,43307253,45164368,46920807,48327847
GCAM 7.0,D5_NG_HP_PriceShock,World,energy-investment,M$(2010)/yr,982273,1163111,3793159,5481697,6735653,6826630,7521193,7267764,7954392,8106637,8031769
GCAM 7.0,D2_NDC_DACCS_2_4,Africa_Eastern,energy-investment,M$(2010)/yr,2611,3933,27512,53733,87213,117096,145097,164298,163328,216551,236143
GCAM 7.0,D2_NDC_DACCS_2_4,Africa_Eastern,energy-service,M$(2010)/yr,55051,83599,134032,200681,309631,472321,689262,911747,1080899,1391095,1595885
GCAM 7.0,D2_NDC_DACCS_2_4,Africa_Northern,energy-investment,M$(2010)/yr,11616,18660,88507,170996,213246,238546,270497,289753,312983,346587,369867
GCAM 7.0,D2_NDC_DACCS_2_4,Africa_Northern,energy-service,M$(2010)/yr,207650,316672,428228,648538,925090,1178038,1424037,1628591,1834161,1969665,2157106
GCAM 7.0,D2_NDC_DACCS_2_4,Africa_Southern,energy-investment,M$(2010)/yr,4184,5989,28851,55316,84928,104730,132885,149639,163849,185763,196890
GCAM 7.0,D2_NDC_DACCS_2_4,Africa_Southern,energy-service,M$(2010)/yr,47056,70462,105096,178516,295998,419198,528007,659862,795808,928483,1060567
GCAM 7.0,D2_NDC_DACCS_2_4,Africa_Western,energy-investment,M$(2010)/yr,13074,41169,64104,99322,149162,206163,259248,331388,381810,451630,521646
GCAM 7.0,D2_NDC_DACCS_2_4,Africa_Western,energy-service,M$(2010)/yr,126669,166036,259974,370012,544385,759539,973022,1253146,1582614,1942143,2343661
GCAM 7.0,D2_NDC_DACCS_2_4,Argentina,energy-investment,M$(2010)/yr,15148,7167,78481,53050,95406,87279,90225,91230,90910,88456,81532
GCAM 7.0,D2_NDC_DACCS_2_4,Argentina,energy-service,M$(2010)/yr,136205,179463,251970,313082,342492,376376,410013,434761,448794,454125,454594
GCAM 7.0,D2_NDC_DACCS_2_4,Australia_NZ,energy-investment,M$(2010)/yr,15472,20392,84326,172538,275315,231086,285635,283860,302607,307579,304201
GCAM 7.0,D2_NDC_DACCS_2_4,Australia_NZ,energy-service,M$(2010)/yr,548907,626925,725044,819853,911773,1004029,1089665,1170306,1231301,1267542,1280786
GCAM 7.0,D2_NDC_DACCS_2_4,Brazil,energy-investment,M$(2010)/yr,21382,24390,93576,156014,259410,239807,263686,255687,256596,275348,268232
GCAM 7.0,D2_NDC_DACCS_2_4,Brazil,energy-service,M$(2010)/yr,496663,680256,796380,995751,1192965,1355957,1463875,1522101,1545737,1556859,1549945
GCAM 7.0,D2_NDC_DACCS_2_4,Canada,energy-investment,M$(2010)/yr,37847,41147,94544,145941,164516,161040,193264,198627,205315,217082,216180
GCAM 7.0,D2_NDC_DACCS_2_4,Canada,energy-service,M$(2010)/yr,585342,684348,772368,858818,940629,1015104,1080184,1149835,1204255,1237821,1252290
GCAM 7.0,D2_NDC_DACCS_2_4,Central America and Caribbean,energy-investment,M$(2010)/yr,5430,4363,16549,41103,46211,53760,63630,62804,65646,69479,70703
GCAM 7.0,D2_NDC_DACCS_2_4,Central America and Caribbean,energy-service,M$(2010)/yr,115148,143895,170427,232808,296771,364072,425488,484232,533887,575920,612230
GCAM 7.0,D2_NDC_DACCS_2_4,Central Asia,energy-investment,M$(2010)/yr,2378,9021,43244,59872,81614,81048,94110,89913,89277,96964,105902
GCAM 7.0,D2_NDC_DACCS_2_4,Central Asia,energy-service,M$(2010)/yr,151352,205701,262591,327773,370311,400334,414342,465848,517229,570480,625821
GCAM 7.0,D2_NDC_DACCS_2_4,China,energy-investment,M$(2010)/yr,138683,170312,885424,1164033,1695050,1405983,1686817,1371484,1347217,1388107,1342817
GCAM 7.0,D2_NDC_DACCS_2_4,China,energy-service,M$(2010)/yr,1649340,2885009,4418453,5339107,5235734,5094085,4950481,4852335,4696441,4528673,4299465
GCAM 7.0,D2_NDC_DACCS_2_4,Colombia,energy-investment,M$(2010)/yr,3880,6223,8871,13708,49601,34705,41736,33338,31791,34261,38182
GCAM 7.0,D2_NDC_DACCS_2_4,Colombia,energy-service,M$(2010)/yr,54330,69703,97523,117720,134930,172000,207409,239745,264379,281086,292355
GCAM 7.0,D2_NDC_DACCS_2_4,EU-12,energy-investment,M$(2010)/yr,13203,13704,59796,87321,94498,94930,91886,74091,78614,82690,70973
GCAM 7.0,D2_NDC_DACCS_2_4,EU-12,energy-service,M$(2010)/yr,454643,547456,572949,577381,581297,574495,567705,558146,547850,537431,526154
GCAM 7.0,D2_NDC_DACCS_2_4,EU-15,energy-investment,M$(2010)/yr,72496,85220,222501,334580,414895,434050,400790,373178,420673,405952,383875
GCAM 7.0,D2_NDC_DACCS_2_4,EU-15,energy-service,M$(2010)/yr,3231483,3399419,3369509,3434756,3543139,3651505,3710206,3745927,3788896,3802907,3754411
GCAM 7.0,D2_NDC_DACCS_2_4,Europe_Eastern,energy-investment,M$(2010)/yr,5357,3493,21719,22439,33709,34596,33213,34989,39035,42326,50716
GCAM 7.0,D2_NDC_DACCS_2_4,Europe_Eastern,energy-service,M$(2010)/yr,174442,195604,178840,159013,180460,204779,217574,247464,263084,284109,303763
GCAM 7.0,D2_NDC_DACCS_2_4,Europe_Non_EU,energy-investment,M$(2010)/yr,4618,5208,40549,58446,53246,74840,65229,59416,61579,67964,61838
GCAM 7.0,D2_NDC_DACCS_2_4,Europe_Non_EU,energy-service,M$(2010)/yr,220709,273179,455825,634964,658521,654819,670846,691078,698696,703596,703484
GCAM 7.0,D2_NDC_DACCS_2_4,European Free Trade Association,energy-investment,M$(2010)/yr,49612,54285,52733,90355,116328,113517,114522,113944,122930,123992,124808
GCAM 7.0,D2_NDC_DACCS_2_4,European Free Trade Association,energy-service,M$(2010)/yr,714954,748720,809143,834676,893761,948383,1010041,1061579,1102718,1127796,1141861
GCAM 7.0,D2_NDC_DACCS_2_4,India,energy-investment,M$(2010)/yr,29863,29013,192032,419143,478026,527361,668914,664329,606972,644221,643849
GCAM 7.0,D2_NDC_DACCS_2_4,India,energy-service,M$(2010)/yr,345359,577960,910806,1493023,1840290,2186681,2462281,2754515,2953362,3089984,3177776
GCAM 7.0,D2_NDC_DACCS_2_4,Indonesia,energy-investment,M$(2010)/yr,43839,34867,70752,110404,153581,123019,198002,141950,126936,122378,161756
GCAM 7.0,D2_NDC_DACCS_2_4,Indonesia,energy-service,M$(2010)/yr,187354,249286,390585,508791,551938,626282,700919,701772,728776,753223,762672
GCAM 7.0,D2_NDC_DACCS_2_4,Japan,energy-investment,M$(2010)/yr,28904,13979,134764,224026,262763,286121,262728,257237,264991,257486,257547
GCAM 7.0,D2_NDC_DACCS_2_4,Japan,energy-service,M$(2010)/yr,1198622,1229127,1150074,1145298,1096928,1055699,1059912,1045467,1036001,1010721,962140
GCAM 7.0,D2_NDC_DACCS_2_4,Mexico,energy-investment,M$(2010)/yr,4716,5871,42812,77416,90236,96205,118201,114698,112311,115067,114860
GCAM 7.0,D2_NDC_DACCS_2_4,Mexico,energy-service,M$(2010)/yr,326126,417148,447495,535145,610079,693569,758085,821137,866500,897423,917947
GCAM 7.0,D2_NDC_DACCS_2_4,Middle East,energy-investment,M$(2010)/yr,126528,229395,363758,310445,371886,373626,415483,387739,389449,415139,412373
GCAM 7.0,D2_NDC_DACCS_2_4,Middle East,energy-service,M$(2010)/yr,862692,1295242,1668358,2021502,2271417,2482555,2678162,2878395,3039133,3185091,3314032
GCAM 7.0,D2_NDC_DACCS_2_4,Pakistan,energy-investment,M$(2010)/yr,2026,1669,27824,50240,75647,83886,105765,116635,112394,133265,148079
GCAM 7.0,D2_NDC_DACCS_2_4,Pakistan,energy-service,M$(2010)/yr,78363,115034,157149,225129,325373,457647,596030,735520,855850,997506,1130946
GCAM 7.0,D2_NDC_DACCS_2_4,Russia,energy-investment,M$(2010)/yr,37830,31533,160925,164672,251687,212361,259593,215478,242948,244916,272718
GCAM 7.0,D2_NDC_DACCS_2_4,Russia,energy-service,M$(2010)/yr,740243,916553,1002862,1064709,1059607,1134246,1185042,1265284,1360335,1436965,1505871
GCAM 7.0,D2_NDC_DACCS_2_4,South Africa,energy-investment,M$(2010)/yr,3646,2449,35401,57245,89435,91195,89606,88658,91205,97887,102133
GCAM 7.0,D2_NDC_DACCS_2_4,South Africa,energy-service,M$(2010)/yr,144467,164500,187075,214134,260974,317310,340020,359970,375251,389673,400910
GCAM 7.0,D2_NDC_DACCS_2_4,South America_Northern,energy-investment,M$(2010)/yr,21617,25101,36824,50288,60004,50452,30028,41483,43853,37152,38139
GCAM 7.0,D2_NDC_DACCS_2_4,South America_Northern,energy-service,M$(2010)/yr,155566,185975,152726,209847,327105,403701,381263,359711,350862,343517,337666
GCAM 7.0,D2_NDC_DACCS_2_4,South America_Southern,energy-investment,M$(2010)/yr,8054,10717,27023,42961,58098,60363,64147,76604,1552347,88016,86819
GCAM 7.0,D2_NDC_DACCS_2_4,South America_Southern,energy-service,M$(2010)/yr,127922,207140,263459,319266,361244,412941,465818,520719,568572,574255,624652
GCAM 7.0,D2_NDC_DACCS_2_4,South Asia,energy-investment,M$(2010)/yr,1716,3473,23820,36147,47163,49565,58142,63668,63829,70816,77594
GCAM 7.0,D2_NDC_DACCS_2_4,South Asia,energy-service,M$(2010)/yr,40203,69991,117425,162979,224794,305174,367051,411949,448993,472538,501386
GCAM 7.0,D2_NDC_DACCS_2_4,South Korea,energy-investment,M$(2010)/yr,12800,11389,196334,284039,318798,309349,294807,289867,261350,273908,262150
GCAM 7.0,D2_NDC_DACCS_2_4,South Korea,energy-service,M$(2010)/yr,607229,694910,814950,862983,904839,892476,879729,860456,769556,772490,730573
GCAM 7.0,D2_NDC_DACCS_2_4,Southeast Asia,energy-investment,M$(2010)/yr,24502,30789,142849,226868,272389,276590,296791,286190,291762,299002,307639
GCAM 7.0,D2_NDC_DACCS_2_4,Southeast Asia,energy-service,M$(2010)/yr,424741,593837,839679,1085353,1257333,1379806,1463449,1559319,1623634,1677799,1729268
GCAM 7.0,D2_NDC_DACCS_2_4,Taiwan,energy-investment,M$(2010)/yr,7370,5257,18297,21685,25410,20175,22671,18227,17689,17830,16276
GCAM 7.0,D2_NDC_DACCS_2_4,Taiwan,energy-service,M$(2010)/yr,122630,134723,156915,183236,179306,167787,163485,155359,142417,129503,119646
GCAM 7.0,D2_NDC_DACCS_2_4,USA,energy-investment,M$(2010)/yr,211873,212933,408462,629336,666003,783410,799297,806067,858834,887669,872821
GCAM 7.0,D2_NDC_DACCS_2_4,USA,energy-service,M$(2010)/yr,3757684,4046026,4692533,5249645,5488238,5779386,6080704,6393862,6639953,6805000,6905133
GCAM 7.0,D2_NDC_DACCS_2_4,World,energy-service,M$(2010)/yr,18089141,22173897,26760442,31324486,34117353,36940294,39414108,41900138,43895944,45695420,47074996
GCAM 7.0,D2_NDC_DACCS_2_4,World,energy-investment,M$(2010)/yr,982273,1163111,3793160,5483680,7135470,7056855,7916642,7546470,9171029,8105477,8219254
