,Variable,Scenario,Percentile,2040,2070,2100
0,Capacity|Electricity|Solar,HD_ER_RCP85_1_CDD_30_20,50,-22.44365009195008,-6.191455919106631,-7.7655459192958505
1,Capacity|Electricity|Solar,HD_ER_RCP85_1_CDD_30_20,5,-39.80494757412287,-65.28551183038284,-89.22824166606355
2,Capacity|Electricity|Solar,HD_ER_RCP85_1_CDD_30_20,95,12.734116871044131,54.65274049603981,84.12017091848763
3,Capacity|Electricity|Wind,HD_ER_RCP85_1_CDD_30_20,50,44.23660513303453,68.58664805752363,90.79902311327754
4,Capacity|Electricity|Wind,HD_ER_RCP85_1_CDD_30_20,5,29.187245088104596,1.0437457496581861,-48.16005432207861
5,Capacity|Electricity|Wind,HD_ER_RCP85_1_CDD_30_20,95,73.07063451780267,107.49477761495105,147.84344046411488
6,Capacity|Biomass,HD_ER_RCP85_1_CDD_30_20,50,36.099419601954914,63.84092268485553,118.43640757438908
7,Capacity|Biomass,HD_ER_RCP85_1_CDD_30_20,5,27.277676086361563,48.23710035641371,45.36575758697639
8,Capacity|Biomass,HD_ER_RCP85_1_CDD_30_20,95,48.82919090749952,101.1957580589774,185.75922234934788
9,Capacity|Coal,HD_ER_RCP85_1_CDD_30_20,50,0.7001693536083098,0.7916255181775929,1.5253459554970537
10,Capacity|Coal,HD_ER_RCP85_1_CDD_30_20,5,0.5554923953671522,0.5655258977656925,0.6025612583318964
11,Capacity|Coal,HD_ER_RCP85_1_CDD_30_20,95,3.3230700757188445,3.905889445709194,6.716465634465358
12,Capacity|Gas,HD_ER_RCP85_1_CDD_30_20,50,0.5218787193630593,0.4411369481388067,-0.13182573077296855
13,Capacity|Gas,HD_ER_RCP85_1_CDD_30_20,5,-2.36957507163696,-0.6578684930664287,-0.6629488193100764
14,Capacity|Gas,HD_ER_RCP85_1_CDD_30_20,95,0.7265420102037414,0.5897718064624452,0.4539054474033248
15,Capacity|Oil,HD_ER_RCP85_1_CDD_30_20,50,0.629884496120199,3.7300241665101055,7.895632307382578
16,Capacity|Oil,HD_ER_RCP85_1_CDD_30_20,5,-2.3406786537330877,2.3985239755795704,3.7030924951132707
17,Capacity|Oil,HD_ER_RCP85_1_CDD_30_20,95,0.771465352408535,4.6018978984909875,10.738858699370834
18,Capacity|Electricity|Hydro,HD_ER_RCP85_1_CDD_30_20,50,-5.4412648400138455,-9.620237170707556,-11.035821128981379
19,Capacity|Electricity|Hydro,HD_ER_RCP85_1_CDD_30_20,5,-6.2019157123183914,-10.065778406107096,-11.485460133941352
20,Capacity|Electricity|Hydro,HD_ER_RCP85_1_CDD_30_20,95,-4.945306691352494,-9.304034809959719,-10.708199842821035
21,Capacity|Electricity|Nuclear,HD_ER_RCP85_1_CDD_30_20,50,-7.84460424496626,-6.623390467904762,-6.1725633438775205
22,Capacity|Electricity|Nuclear,HD_ER_RCP85_1_CDD_30_20,5,-21.65559834320987,-9.451360297616375,-7.484610565534657
23,Capacity|Electricity|Nuclear,HD_ER_RCP85_1_CDD_30_20,95,-7.5918773366756325,-6.402762328485681,-5.917472125074564
24,Capacity|Geothermal,HD_ER_RCP85_1_CDD_30_20,50,,,
25,Capacity|Geothermal,HD_ER_RCP85_1_CDD_30_20,5,,,
26,Capacity|Geothermal,HD_ER_RCP85_1_CDD_30_20,95,,,
27,Capacity|Electricity|Solar,HD_ER_RCP85_2_CDD_30_20,50,-22.91800235337159,-0.7575423770799095,-4.608029794332696
28,Capacity|Electricity|Solar,HD_ER_RCP85_2_CDD_30_20,5,-43.03130824793917,-69.77862943632769,-95.03069741214566
29,Capacity|Electricity|Solar,HD_ER_RCP85_2_CDD_30_20,95,13.854584679859963,77.65132408408179,116.17848408414156
30,Capacity|Electricity|Wind,HD_ER_RCP85_2_CDD_30_20,50,54.58604128762655,85.06771287197492,116.232314427234
31,Capacity|Electricity|Wind,HD_ER_RCP85_2_CDD_30_20,5,32.90455912450879,0.9514075702044942,-64.5587667269863
32,Capacity|Electricity|Wind,HD_ER_RCP85_2_CDD_30_20,95,74.01029976273716,136.5414682979322,190.1063220832844
33,Capacity|Biomass,HD_ER_RCP85_2_CDD_30_20,50,52.4164308667419,103.20151674781945,174.33688729416806
34,Capacity|Biomass,HD_ER_RCP85_2_CDD_30_20,5,43.35217895920725,67.42006796066052,55.118511353165005
35,Capacity|Biomass,HD_ER_RCP85_2_CDD_30_20,95,65.72985660407517,176.48952813655555,286.5527331019681
36,Capacity|Coal,HD_ER_RCP85_2_CDD_30_20,50,0.689389585185727,1.0279669395729816,1.223839904804394
37,Capacity|Coal,HD_ER_RCP85_2_CDD_30_20,5,0.5715970034041233,0.6461958315313115,0.6857798236267213
38,Capacity|Coal,HD_ER_RCP85_2_CDD_30_20,95,1.4244395744157499,1.892540026725446,6.486313881416836
39,Capacity|Gas,HD_ER_RCP85_2_CDD_30_20,50,0.6135725201204608,0.46446704513257936,-0.3348456197444613
40,Capacity|Gas,HD_ER_RCP85_2_CDD_30_20,5,0.4404302819153516,0.12158450541778755,-4.7615007746451585
41,Capacity|Gas,HD_ER_RCP85_2_CDD_30_20,95,0.8506108606436091,0.6752658790852523,0.4678682933902028
42,Capacity|Oil,HD_ER_RCP85_2_CDD_30_20,50,0.8216962163315611,5.008871882373542,7.495810149515892
43,Capacity|Oil,HD_ER_RCP85_2_CDD_30_20,5,0.6063939936793236,3.7698019080770524,-8.601304692051919
44,Capacity|Oil,HD_ER_RCP85_2_CDD_30_20,95,1.0027598684117678,6.795753869168304,12.863084587101731
45,Capacity|Electricity|Hydro,HD_ER_RCP85_2_CDD_30_20,50,-4.9934728628686775,-9.43765903776046,-11.047972408740941
46,Capacity|Electricity|Hydro,HD_ER_RCP85_2_CDD_30_20,5,-5.436292689617026,-9.815060823618944,-15.963699059999328
47,Capacity|Electricity|Hydro,HD_ER_RCP85_2_CDD_30_20,95,-4.536967796752908,-9.098057565260905,-10.61936223256379
48,Capacity|Electricity|Nuclear,HD_ER_RCP85_2_CDD_30_20,50,-7.790091612529526,-6.573782138977085,-6.166110376331077
49,Capacity|Electricity|Nuclear,HD_ER_RCP85_2_CDD_30_20,5,-12.325651576042835,-7.428162711996697,-6.59896730124234
50,Capacity|Electricity|Nuclear,HD_ER_RCP85_2_CDD_30_20,95,-7.515381808223824,-6.3682946998469445,-5.918376271540456
51,Capacity|Geothermal,HD_ER_RCP85_2_CDD_30_20,50,,,
52,Capacity|Geothermal,HD_ER_RCP85_2_CDD_30_20,5,,,
53,Capacity|Geothermal,HD_ER_RCP85_2_CDD_30_20,95,,,
54,Capacity|Electricity|Solar,HD_ER_RCP85_3_CDD_30_20,50,-16.329032436105923,5.194773991787364,-1.8498843306393988
55,Capacity|Electricity|Solar,HD_ER_RCP85_3_CDD_30_20,5,-45.26829899752146,-73.26476031765172,-97.93220046251383
56,Capacity|Electricity|Solar,HD_ER_RCP85_3_CDD_30_20,95,22.29594668148878,103.58450260517597,152.42522139346292
57,Capacity|Electricity|Wind,HD_ER_RCP85_3_CDD_30_20,50,61.12344334768589,98.15135991744742,135.87123643505726
58,Capacity|Electricity|Wind,HD_ER_RCP85_3_CDD_30_20,5,34.991416005885874,-3.3276024253775236,-80.99472408087443
59,Capacity|Electricity|Wind,HD_ER_RCP85_3_CDD_30_20,95,82.40108280204292,170.10786010906008,234.66450673125945
60,Capacity|Biomass,HD_ER_RCP85_3_CDD_30_20,50,69.89633772869396,149.92171829004528,220.67484357519015
61,Capacity|Biomass,HD_ER_RCP85_3_CDD_30_20,5,58.563924957334386,81.82362257312445,53.56556736060091
62,Capacity|Biomass,HD_ER_RCP85_3_CDD_30_20,95,87.60130812857695,261.7186485137835,410.925333277873
63,Capacity|Coal,HD_ER_RCP85_3_CDD_30_20,50,0.6990280795596912,1.2768869667525995,1.4900716853138716
64,Capacity|Coal,HD_ER_RCP85_3_CDD_30_20,5,0.5563790946053999,0.7831399210160729,0.8564693830995727
65,Capacity|Coal,HD_ER_RCP85_3_CDD_30_20,95,1.0796192529071684,1.8933675445334996,7.87234931268383
66,Capacity|Gas,HD_ER_RCP85_3_CDD_30_20,50,0.6952727832556443,0.45775360066503457,-0.4776906190179948
67,Capacity|Gas,HD_ER_RCP85_3_CDD_30_20,5,0.479623665840653,-0.0580686703571743,-35.32072459480133
68,Capacity|Gas,HD_ER_RCP85_3_CDD_30_20,95,1.007251453976331,0.8058323806243144,0.4783790756903018
69,Capacity|Oil,HD_ER_RCP85_3_CDD_30_20,50,1.0269935851679277,6.387641958181244,6.265606706242039
70,Capacity|Oil,HD_ER_RCP85_3_CDD_30_20,5,0.8322795493395841,4.2547383523413576,-13.387279628748818
71,Capacity|Oil,HD_ER_RCP85_3_CDD_30_20,95,1.3079690222909401,9.24015676068962,14.014257899172426
72,Capacity|Electricity|Hydro,HD_ER_RCP85_3_CDD_30_20,50,-4.83837899183353,-9.359714876304672,-11.083929970599405
73,Capacity|Electricity|Hydro,HD_ER_RCP85_3_CDD_30_20,5,-5.30041458901349,-9.82036039662639,-24.394352406152294
74,Capacity|Electricity|Hydro,HD_ER_RCP85_3_CDD_30_20,95,-4.3262581622328975,-8.972877897480615,-10.555186360306786
75,Capacity|Electricity|Nuclear,HD_ER_RCP85_3_CDD_30_20,50,-7.787115577713279,-6.580929901096936,-6.198409367364551
76,Capacity|Electricity|Nuclear,HD_ER_RCP85_3_CDD_30_20,5,-10.807941649589155,-7.198648147145755,-6.833042521462893
77,Capacity|Electricity|Nuclear,HD_ER_RCP85_3_CDD_30_20,95,-7.517783784341304,-6.3639697162660935,-5.9356353695550474
78,Capacity|Geothermal,HD_ER_RCP85_3_CDD_30_20,50,,,
79,Capacity|Geothermal,HD_ER_RCP85_3_CDD_30_20,5,,,
80,Capacity|Geothermal,HD_ER_RCP85_3_CDD_30_20,95,,,
81,Capacity|Electricity|Solar,HD_ER_RCP85_4_CDD_30_20,50,-7.123284713089426,12.800551377352946,2.1524219919235543
82,Capacity|Electricity|Solar,HD_ER_RCP85_4_CDD_30_20,5,-45.91159658070057,-75.5435045877393,-99.04594005364883
83,Capacity|Electricity|Solar,HD_ER_RCP85_4_CDD_30_20,95,32.30680545227357,131.895180254146,189.32690662924026
84,Capacity|Electricity|Wind,HD_ER_RCP85_4_CDD_30_20,50,67.06621460403743,110.32320325702965,152.9824796130733
85,Capacity|Electricity|Wind,HD_ER_RCP85_4_CDD_30_20,5,37.87518392445606,-11.950548409039696,-89.55131996079226
86,Capacity|Electricity|Wind,HD_ER_RCP85_4_CDD_30_20,95,91.36723757072878,204.57583065444211,279.86641081410784
87,Capacity|Biomass,HD_ER_RCP85_4_CDD_30_20,50,87.46436877172574,196.5297351337952,251.85564083851952
88,Capacity|Biomass,HD_ER_RCP85_4_CDD_30_20,5,73.07473316570837,89.03862441304142,43.3306277611491
89,Capacity|Biomass,HD_ER_RCP85_4_CDD_30_20,95,111.33418771290923,353.58490140829457,548.9498031452991
90,Capacity|Coal,HD_ER_RCP85_4_CDD_30_20,50,0.8621105357659687,1.756337617671667,2.0856060654437827
91,Capacity|Coal,HD_ER_RCP85_4_CDD_30_20,5,0.5745184929980341,1.0572679737323951,1.177058652745199
92,Capacity|Coal,HD_ER_RCP85_4_CDD_30_20,95,1.4998354055767968,2.6194312461939893,9.412741919679442
93,Capacity|Gas,HD_ER_RCP85_4_CDD_30_20,50,0.8387598913229904,0.475826022492833,-0.5418947613839395
94,Capacity|Gas,HD_ER_RCP85_4_CDD_30_20,5,0.39157052695430206,-0.2543805306960251,-51.69560556526988
95,Capacity|Gas,HD_ER_RCP85_4_CDD_30_20,95,1.2472619839077834,0.9883730030940466,0.494018715993844
96,Capacity|Oil,HD_ER_RCP85_4_CDD_30_20,50,1.293080920714357,7.893646513779955,5.344417876446005
97,Capacity|Oil,HD_ER_RCP85_4_CDD_30_20,5,0.25178665368121694,4.5764560997135835,-13.200093487209884
98,Capacity|Oil,HD_ER_RCP85_4_CDD_30_20,95,1.6812539488930154,11.960259046890435,15.418603725889115
99,Capacity|Electricity|Hydro,HD_ER_RCP85_4_CDD_30_20,50,-4.697415497180517,-9.275906746611856,-11.076276734827866
100,Capacity|Electricity|Hydro,HD_ER_RCP85_4_CDD_30_20,5,-5.181426998590339,-9.813259341110856,-30.9700778141254
101,Capacity|Electricity|Hydro,HD_ER_RCP85_4_CDD_30_20,95,-4.117639961791742,-8.821083113177275,-10.519238543178014
102,Capacity|Electricity|Nuclear,HD_ER_RCP85_4_CDD_30_20,50,-7.8536115941526585,-6.649809790948966,-6.293476519589927
103,Capacity|Electricity|Nuclear,HD_ER_RCP85_4_CDD_30_20,5,-16.210658387050785,-8.214137491530693,-16.74768068135048
104,Capacity|Electricity|Nuclear,HD_ER_RCP85_4_CDD_30_20,95,-7.535344170991229,-6.3890245009768964,-5.973946149178254
105,Capacity|Geothermal,HD_ER_RCP85_4_CDD_30_20,50,,,
106,Capacity|Geothermal,HD_ER_RCP85_4_CDD_30_20,5,,,
107,Capacity|Geothermal,HD_ER_RCP85_4_CDD_30_20,95,,,
108,Capacity|Electricity|Solar,HD_ER_RCP85_5_CDD_30_20,50,1.5174745272650365,18.77831971234114,4.6892497145210426
109,Capacity|Electricity|Solar,HD_ER_RCP85_5_CDD_30_20,5,-41.68605412268833,-77.20521432542282,-99.58801292370582
110,Capacity|Electricity|Solar,HD_ER_RCP85_5_CDD_30_20,95,42.31703084140334,169.74493868230684,228.7516064547457
111,Capacity|Electricity|Wind,HD_ER_RCP85_5_CDD_30_20,50,72.38415211284817,121.7062570588419,171.2281624586409
112,Capacity|Electricity|Wind,HD_ER_RCP85_5_CDD_30_20,5,42.30197288006853,-21.220795083766586,-93.68701266195339
113,Capacity|Electricity|Wind,HD_ER_RCP85_5_CDD_30_20,95,100.00663602180971,246.0299786811196,338.80873127306796
114,Capacity|Biomass,HD_ER_RCP85_5_CDD_30_20,50,106.43095397661652,237.92965861696752,265.79933981970953
115,Capacity|Biomass,HD_ER_RCP85_5_CDD_30_20,5,87.59153145758323,91.00630642638008,16.715589250042385
116,Capacity|Biomass,HD_ER_RCP85_5_CDD_30_20,95,136.36777640218858,449.98181698354614,689.3768686897325
117,Capacity|Coal,HD_ER_RCP85_5_CDD_30_20,50,1.0795727705163727,2.3792353021236843,2.7840268846811025
118,Capacity|Coal,HD_ER_RCP85_5_CDD_30_20,5,0.6704365929841305,1.4844554629277482,1.5578959000924735
119,Capacity|Coal,HD_ER_RCP85_5_CDD_30_20,95,1.9612658783179966,3.6925477067045485,10.568232041173916
120,Capacity|Gas,HD_ER_RCP85_5_CDD_30_20,50,1.0089682773698374,0.497462716496105,-0.6435370079034634
121,Capacity|Gas,HD_ER_RCP85_5_CDD_30_20,5,-0.014254013273187247,-0.4505113754601772,-58.74496065484849
122,Capacity|Gas,HD_ER_RCP85_5_CDD_30_20,95,1.5307097342968614,1.1639401530982634,0.5569295243015757
123,Capacity|Oil,HD_ER_RCP85_5_CDD_30_20,50,1.57735538434794,9.43944641606702,4.6662594113820415
124,Capacity|Oil,HD_ER_RCP85_5_CDD_30_20,5,0.04366518222564331,4.714093107238986,-13.074406920848093
125,Capacity|Oil,HD_ER_RCP85_5_CDD_30_20,95,2.0771854659164153,14.90443291141836,16.307744971133996
126,Capacity|Electricity|Hydro,HD_ER_RCP85_5_CDD_30_20,50,-4.544750575203533,-9.194078380474734,-11.069984541263649
127,Capacity|Electricity|Hydro,HD_ER_RCP85_5_CDD_30_20,5,-5.040485078639653,-9.83684229088563,-34.14402324585604
128,Capacity|Electricity|Hydro,HD_ER_RCP85_5_CDD_30_20,95,-3.841999820066029,-8.68037269968654,-10.45570606348118
129,Capacity|Electricity|Nuclear,HD_ER_RCP85_5_CDD_30_20,50,-7.935492616213506,-6.759197389785807,-6.622111814471012
130,Capacity|Electricity|Nuclear,HD_ER_RCP85_5_CDD_30_20,5,-19.62836483655303,-9.48616850234128,-32.42282117427841
131,Capacity|Electricity|Nuclear,HD_ER_RCP85_5_CDD_30_20,95,-7.541869953852411,-6.446837876044495,-6.04169550832508
132,Capacity|Geothermal,HD_ER_RCP85_5_CDD_30_20,50,,,
133,Capacity|Geothermal,HD_ER_RCP85_5_CDD_30_20,5,,,
134,Capacity|Geothermal,HD_ER_RCP85_5_CDD_30_20,95,,,
135,Capacity|Electricity|Solar,HD_ER_RCP85_1_CDD_20_10,50,-21.815761663641858,-7.440982569151,-2.208327919288292
136,Capacity|Electricity|Solar,HD_ER_RCP85_1_CDD_20_10,5,-28.830620486874896,-52.85302359225242,-77.16495332171904
137,Capacity|Electricity|Solar,HD_ER_RCP85_1_CDD_20_10,95,8.85625436337712,55.488532396066326,87.47047781278523
138,Capacity|Electricity|Wind,HD_ER_RCP85_1_CDD_20_10,50,40.67789610217876,71.10949960449213,91.18037181850858
139,Capacity|Electricity|Wind,HD_ER_RCP85_1_CDD_20_10,5,28.12341740977789,-0.643104148278572,-45.57356939714525
140,Capacity|Electricity|Wind,HD_ER_RCP85_1_CDD_20_10,95,63.70441796235986,102.22880107492334,143.5527681029484
141,Capacity|Biomass,HD_ER_RCP85_1_CDD_20_10,50,31.90837482178104,43.52550880198895,51.022442831601445
142,Capacity|Biomass,HD_ER_RCP85_1_CDD_20_10,5,26.15333228621207,32.562442528834566,31.824162961778534
143,Capacity|Biomass,HD_ER_RCP85_1_CDD_20_10,95,40.77684349095325,55.182207080948636,101.50283642583126
144,Capacity|Coal,HD_ER_RCP85_1_CDD_20_10,50,0.49062218197214347,0.4945190085185813,0.7600587752593868
145,Capacity|Coal,HD_ER_RCP85_1_CDD_20_10,5,0.40682708933078393,0.4092795559566239,0.41346746170337845
146,Capacity|Coal,HD_ER_RCP85_1_CDD_20_10,95,1.6640591315643478,1.8441299144338994,3.745358586584419
147,Capacity|Gas,HD_ER_RCP85_1_CDD_20_10,50,0.3054222736142599,0.27572201119687484,0.2307167807224398
148,Capacity|Gas,HD_ER_RCP85_1_CDD_20_10,5,-2.3561479717180696,-0.7262180246774548,-0.2294713717321495
149,Capacity|Gas,HD_ER_RCP85_1_CDD_20_10,95,0.42566313708936543,0.38542309183935136,0.39442739130087195
150,Capacity|Oil,HD_ER_RCP85_1_CDD_20_10,50,0.4726976889377052,2.8469253746951875,5.224148487741672
151,Capacity|Oil,HD_ER_RCP85_1_CDD_20_10,5,-2.3765550301410667,1.4342319629057552,3.6398013093238806
152,Capacity|Oil,HD_ER_RCP85_1_CDD_20_10,95,0.5750909158881812,3.412670230591209,7.472319062824424
153,Capacity|Electricity|Hydro,HD_ER_RCP85_1_CDD_20_10,50,-4.186790832357132,-6.953722374713146,-7.767030877400815
154,Capacity|Electricity|Hydro,HD_ER_RCP85_1_CDD_20_10,5,-4.786491636113076,-7.2089518709449685,-7.99846865848704
155,Capacity|Electricity|Hydro,HD_ER_RCP85_1_CDD_20_10,95,-3.827567643401879,-6.769329971078211,-7.628704350793945
156,Capacity|Electricity|Nuclear,HD_ER_RCP85_1_CDD_20_10,50,-4.512732225487503,-3.3985387768602817,-3.091518918625498
157,Capacity|Electricity|Nuclear,HD_ER_RCP85_1_CDD_20_10,5,-15.10120577045857,-5.644184601700693,-4.164493531758826
158,Capacity|Electricity|Nuclear,HD_ER_RCP85_1_CDD_20_10,95,-4.331129136295177,-3.242589317063884,-2.9534781678342505
159,Capacity|Geothermal,HD_ER_RCP85_1_CDD_20_10,50,,,
160,Capacity|Geothermal,HD_ER_RCP85_1_CDD_20_10,5,,,
161,Capacity|Geothermal,HD_ER_RCP85_1_CDD_20_10,95,,,
162,Capacity|Electricity|Solar,HD_ER_RCP85_2_CDD_20_10,50,-23.994387221370435,0.4821453814334161,2.3741942005777172
163,Capacity|Electricity|Solar,HD_ER_RCP85_2_CDD_20_10,5,-33.08913279512146,-59.49296689317137,-86.40457660040984
164,Capacity|Electricity|Solar,HD_ER_RCP85_2_CDD_20_10,95,10.261673966257336,80.49516164411929,121.09826189839113
165,Capacity|Electricity|Wind,HD_ER_RCP85_2_CDD_20_10,50,53.54609763833882,93.41875967654188,122.13390156681585
166,Capacity|Electricity|Wind,HD_ER_RCP85_2_CDD_20_10,5,32.57514814763001,0.3401080393382424,-61.03283296376618
167,Capacity|Electricity|Wind,HD_ER_RCP85_2_CDD_20_10,95,68.23079084801891,134.32079460392475,189.37615464799765
168,Capacity|Biomass,HD_ER_RCP85_2_CDD_20_10,50,48.58577809517449,68.01175212736882,78.64043448723349
169,Capacity|Biomass,HD_ER_RCP85_2_CDD_20_10,5,41.26545050471463,48.64583102654062,39.96014565828443
170,Capacity|Biomass,HD_ER_RCP85_2_CDD_20_10,95,60.793409738943446,93.38764335110015,180.7569384189083
171,Capacity|Coal,HD_ER_RCP85_2_CDD_20_10,50,0.4832161751910517,0.4905121369171867,0.5591076986624085
172,Capacity|Coal,HD_ER_RCP85_2_CDD_20_10,5,0.40041157120530374,0.4031946600431598,0.40043903900973266
173,Capacity|Coal,HD_ER_RCP85_2_CDD_20_10,95,0.6394248895929183,0.7873258034288577,3.9744077847850634
174,Capacity|Gas,HD_ER_RCP85_2_CDD_20_10,50,0.3779681693746227,0.3696807948496043,0.18803049598569632
175,Capacity|Gas,HD_ER_RCP85_2_CDD_20_10,5,0.18099551903785288,0.1912887553051375,-0.49486417578242714
176,Capacity|Gas,HD_ER_RCP85_2_CDD_20_10,95,0.5501443814409397,0.5120025570189575,0.4123497004606972
177,Capacity|Oil,HD_ER_RCP85_2_CDD_20_10,50,0.6557859146556965,3.7811627203821843,6.7112556897613835
178,Capacity|Oil,HD_ER_RCP85_2_CDD_20_10,5,0.2943829969092183,2.9480985527451655,4.180534693860083
179,Capacity|Oil,HD_ER_RCP85_2_CDD_20_10,95,0.821061835012971,4.645409438764993,10.417851267204567
180,Capacity|Electricity|Hydro,HD_ER_RCP85_2_CDD_20_10,50,-3.658182938930503,-6.712385215255164,-7.68629911922883
181,Capacity|Electricity|Hydro,HD_ER_RCP85_2_CDD_20_10,5,-3.9823650357831664,-6.887229017579798,-8.015857342534343
182,Capacity|Electricity|Hydro,HD_ER_RCP85_2_CDD_20_10,95,-3.2958418892662484,-6.524171275725414,-7.520288206667635
183,Capacity|Electricity|Nuclear,HD_ER_RCP85_2_CDD_20_10,50,-4.484116862816387,-3.3263628295537986,-3.081987423282327
184,Capacity|Electricity|Nuclear,HD_ER_RCP85_2_CDD_20_10,5,-7.2397449668013065,-3.829169551445804,-3.3527493587431887
185,Capacity|Electricity|Nuclear,HD_ER_RCP85_2_CDD_20_10,95,-4.282888849531822,-3.149618700912736,-2.9386583115048808
186,Capacity|Geothermal,HD_ER_RCP85_2_CDD_20_10,50,,,
187,Capacity|Geothermal,HD_ER_RCP85_2_CDD_20_10,5,,,
188,Capacity|Geothermal,HD_ER_RCP85_2_CDD_20_10,95,,,
189,Capacity|Electricity|Solar,HD_ER_RCP85_3_CDD_20_10,50,-17.379678049402013,8.58520105164874,6.3532587365850945
190,Capacity|Electricity|Solar,HD_ER_RCP85_3_CDD_20_10,5,-36.21484462498221,-64.86566133077186,-92.49730915746375
191,Capacity|Electricity|Solar,HD_ER_RCP85_3_CDD_20_10,95,22.70054816642582,109.44899990200099,156.38256206805357
192,Capacity|Electricity|Wind,HD_ER_RCP85_3_CDD_20_10,50,61.644923438305156,110.40401963039808,144.82683221323325
193,Capacity|Electricity|Wind,HD_ER_RCP85_3_CDD_20_10,5,36.59886136578953,-5.868467361064348,-74.68180533528196
194,Capacity|Electricity|Wind,HD_ER_RCP85_3_CDD_20_10,95,83.10031251823482,167.11075307302028,234.21233182032572
195,Capacity|Biomass,HD_ER_RCP85_3_CDD_20_10,50,66.90686126845593,92.40333169694009,108.87084035117023
196,Capacity|Biomass,HD_ER_RCP85_3_CDD_20_10,5,56.251834345694746,59.760329721446865,39.1637133377776
197,Capacity|Biomass,HD_ER_RCP85_3_CDD_20_10,95,90.05986645600046,160.29073152219516,276.45611402348374
198,Capacity|Coal,HD_ER_RCP85_3_CDD_20_10,50,0.5096038710089444,0.5711283099394034,0.7525146117880345
199,Capacity|Coal,HD_ER_RCP85_3_CDD_20_10,5,0.23393767883650343,0.32741805480403047,0.3604829674624476
200,Capacity|Coal,HD_ER_RCP85_3_CDD_20_10,95,0.8094127382198623,1.228309950506958,5.171493540044441
201,Capacity|Gas,HD_ER_RCP85_3_CDD_20_10,50,0.43709602862665026,0.41039778718948283,0.08017319799022123
202,Capacity|Gas,HD_ER_RCP85_3_CDD_20_10,5,-1.481879603883558,-0.30768411702969667,-1.4859385555456375
203,Capacity|Gas,HD_ER_RCP85_3_CDD_20_10,95,0.7253245164531559,0.6520210071367065,0.43987542091298953
204,Capacity|Oil,HD_ER_RCP85_3_CDD_20_10,50,0.846145147697448,4.6628872460964725,6.752766109561741
205,Capacity|Oil,HD_ER_RCP85_3_CDD_20_10,5,-1.662158348292199,2.9477222843058417,-5.370282098332845
206,Capacity|Oil,HD_ER_RCP85_3_CDD_20_10,95,1.1338973059670325,6.420989386285517,12.089961474463614
207,Capacity|Electricity|Hydro,HD_ER_RCP85_3_CDD_20_10,50,-3.463749248197455,-6.59365797273731,-7.67440904343298
208,Capacity|Electricity|Hydro,HD_ER_RCP85_3_CDD_20_10,5,-3.830718540413906,-6.839382471478011,-10.22125204821156
209,Capacity|Electricity|Hydro,HD_ER_RCP85_3_CDD_20_10,95,-2.9781776109021254,-6.3545492762111895,-7.46136320956372
210,Capacity|Electricity|Nuclear,HD_ER_RCP85_3_CDD_20_10,50,-4.548775706636462,-3.357920827084841,-3.1291950035758354
211,Capacity|Electricity|Nuclear,HD_ER_RCP85_3_CDD_20_10,5,-14.379749311952732,-5.237104061156351,-4.072181519655915
212,Capacity|Electricity|Nuclear,HD_ER_RCP85_3_CDD_20_10,95,-4.29113729452176,-3.127211836769975,-2.9616334669560174
213,Capacity|Geothermal,HD_ER_RCP85_3_CDD_20_10,50,,,
214,Capacity|Geothermal,HD_ER_RCP85_3_CDD_20_10,5,,,
215,Capacity|Geothermal,HD_ER_RCP85_3_CDD_20_10,95,,,
216,Capacity|Electricity|Solar,HD_ER_RCP85_4_CDD_20_10,50,-8.285610975174704,16.540557512880795,12.814375264648225
217,Capacity|Electricity|Solar,HD_ER_RCP85_4_CDD_20_10,5,-37.186818917241986,-69.16582983487427,-96.3429800297213
218,Capacity|Electricity|Solar,HD_ER_RCP85_4_CDD_20_10,95,34.32142564849594,144.57731367985338,190.75825952187475
219,Capacity|Electricity|Wind,HD_ER_RCP85_4_CDD_20_10,50,69.52866675831362,123.71030724780111,167.64236660134986
220,Capacity|Electricity|Wind,HD_ER_RCP85_4_CDD_20_10,5,41.05345622030345,-14.36139013195471,-82.44512382231171
221,Capacity|Electricity|Wind,HD_ER_RCP85_4_CDD_20_10,95,94.58464498305693,205.61854719887893,281.2121953881828
222,Capacity|Biomass,HD_ER_RCP85_4_CDD_20_10,50,85.84723744926522,116.0397633457094,121.28812310062209
223,Capacity|Biomass,HD_ER_RCP85_4_CDD_20_10,5,71.24753112199308,65.26297108551866,28.89788305928011
224,Capacity|Biomass,HD_ER_RCP85_4_CDD_20_10,95,115.64649130779438,239.00540801386157,376.9181090131471
225,Capacity|Coal,HD_ER_RCP85_4_CDD_20_10,50,0.6528610826646596,0.9667451427171305,1.26816801481848
226,Capacity|Coal,HD_ER_RCP85_4_CDD_20_10,5,-0.12405065084724919,0.18312213694079316,0.40654324139920694
227,Capacity|Coal,HD_ER_RCP85_4_CDD_20_10,95,1.2237965627910934,2.1079090712245385,6.498179500804576
228,Capacity|Gas,HD_ER_RCP85_4_CDD_20_10,50,0.5573575355784598,0.45338298183642667,0.0023461259336201024
229,Capacity|Gas,HD_ER_RCP85_4_CDD_20_10,5,-3.071655281442899,-0.8118117638299485,-21.045014505760705
230,Capacity|Gas,HD_ER_RCP85_4_CDD_20_10,95,0.9599574016227238,0.8398171544585622,0.464534922127766
231,Capacity|Oil,HD_ER_RCP85_4_CDD_20_10,50,1.0795582921750968,5.56211528982408,6.3812526504397376
232,Capacity|Oil,HD_ER_RCP85_4_CDD_20_10,5,-3.138420225566418,2.8176377373225727,-10.566581724541983
233,Capacity|Oil,HD_ER_RCP85_4_CDD_20_10,95,1.4907555652585927,8.69962497504649,13.71798545823697
234,Capacity|Electricity|Hydro,HD_ER_RCP85_4_CDD_20_10,50,-3.2927783309714855,-6.473343874214892,-7.651406186424665
235,Capacity|Electricity|Hydro,HD_ER_RCP85_4_CDD_20_10,5,-3.6981829553417263,-6.815774452417683,-17.37329130241252
236,Capacity|Electricity|Hydro,HD_ER_RCP85_4_CDD_20_10,95,-2.629166051711236,-6.1765815940816635,-7.386893939942497
237,Capacity|Electricity|Nuclear,HD_ER_RCP85_4_CDD_20_10,50,-4.837743812050544,-3.4736168664664886,-3.2578317212485146
238,Capacity|Electricity|Nuclear,HD_ER_RCP85_4_CDD_20_10,5,-21.560119381916888,-7.4542084734349725,-8.207808755479522
239,Capacity|Electricity|Nuclear,HD_ER_RCP85_4_CDD_20_10,95,-4.308227728810008,-3.158177725233886,-2.994437351395727
240,Capacity|Geothermal,HD_ER_RCP85_4_CDD_20_10,50,,,
241,Capacity|Geothermal,HD_ER_RCP85_4_CDD_20_10,5,,,
242,Capacity|Geothermal,HD_ER_RCP85_4_CDD_20_10,95,,,
243,Capacity|Electricity|Solar,HD_ER_RCP85_5_CDD_20_10,50,0.17877201485839878,25.832832960007085,21.70169529989279
244,Capacity|Electricity|Solar,HD_ER_RCP85_5_CDD_20_10,5,-36.00897282926113,-72.5102469721325,-98.45347147203388
245,Capacity|Electricity|Solar,HD_ER_RCP85_5_CDD_20_10,95,44.87830926900453,183.71072539634505,242.18700333658887
246,Capacity|Electricity|Wind,HD_ER_RCP85_5_CDD_20_10,50,76.75635548065772,138.80751618497285,185.30658244368482
247,Capacity|Electricity|Wind,HD_ER_RCP85_5_CDD_20_10,5,45.054746664799765,-24.613562853173033,-88.9504373079809
248,Capacity|Electricity|Wind,HD_ER_RCP85_5_CDD_20_10,95,106.19900888999055,252.6001448279183,349.0689274941909
249,Capacity|Biomass,HD_ER_RCP85_5_CDD_20_10,50,105.88068180378792,139.48527467083412,116.13924098449935
250,Capacity|Biomass,HD_ER_RCP85_5_CDD_20_10,5,86.71337542289552,63.62205358111567,-32.4848725212908
251,Capacity|Biomass,HD_ER_RCP85_5_CDD_20_10,95,141.5609999045809,320.724215640745,496.0727268132054
252,Capacity|Coal,HD_ER_RCP85_5_CDD_20_10,50,0.8698752769715375,1.4988405326388137,1.8639001706067735
253,Capacity|Coal,HD_ER_RCP85_5_CDD_20_10,5,-0.24479022947707527,0.3231861884623047,0.4806260126316249
254,Capacity|Coal,HD_ER_RCP85_5_CDD_20_10,95,1.689639639683525,2.841374518838374,7.913279152544373
255,Capacity|Gas,HD_ER_RCP85_5_CDD_20_10,50,0.7288419913853227,0.48985701358165634,-0.12452899175345368
256,Capacity|Gas,HD_ER_RCP85_5_CDD_20_10,5,-3.6422639288490095,-1.5402574244218135,-57.73585872497241
257,Capacity|Gas,HD_ER_RCP85_5_CDD_20_10,95,1.246419832171329,1.0314967434702853,0.47876829602513493
258,Capacity|Oil,HD_ER_RCP85_5_CDD_20_10,50,1.3323016490939539,6.5011734747792,5.670288912192697
259,Capacity|Oil,HD_ER_RCP85_5_CDD_20_10,5,-3.543673230446233,2.4415773094906195,-34.50830493725476
260,Capacity|Oil,HD_ER_RCP85_5_CDD_20_10,95,1.8458509932558407,11.309186719043069,14.482687375415004
261,Capacity|Electricity|Hydro,HD_ER_RCP85_5_CDD_20_10,50,-3.1255475969289415,-6.3715713340375055,-7.664189748496805
262,Capacity|Electricity|Hydro,HD_ER_RCP85_5_CDD_20_10,5,-3.5641807506935486,-7.16493033220119,-29.76772172737027
263,Capacity|Electricity|Hydro,HD_ER_RCP85_5_CDD_20_10,95,-2.3454766890917877,-5.987789271348557,-7.323004766726907
264,Capacity|Electricity|Nuclear,HD_ER_RCP85_5_CDD_20_10,50,-6.249681078431215,-3.9844163448290093,-3.85679680416831
265,Capacity|Electricity|Nuclear,HD_ER_RCP85_5_CDD_20_10,5,-25.49712448870184,-13.612510484250066,-41.301196500856456
266,Capacity|Electricity|Nuclear,HD_ER_RCP85_5_CDD_20_10,95,-4.35907182291509,-3.2082476886584947,-3.0655464356832383
267,Capacity|Geothermal,HD_ER_RCP85_5_CDD_20_10,50,,,
268,Capacity|Geothermal,HD_ER_RCP85_5_CDD_20_10,5,,,
269,Capacity|Geothermal,HD_ER_RCP85_5_CDD_20_10,95,,,
270,Capacity|Electricity|Solar,HD_ER_RCP85_1_CDD_30_20_nCAP,50,-19.316669820381303,-16.302288993586355,-17.35144224487088
271,Capacity|Electricity|Solar,HD_ER_RCP85_1_CDD_30_20_nCAP,5,-21.229001538595757,-21.61528535391857,-24.21079466978217
272,Capacity|Electricity|Solar,HD_ER_RCP85_1_CDD_30_20_nCAP,95,-15.970524404967325,-8.817492890789481,-6.345156272226022
273,Capacity|Electricity|Wind,HD_ER_RCP85_1_CDD_30_20_nCAP,50,-20.0745236675931,-17.24220339576385,-17.554069767756747
274,Capacity|Electricity|Wind,HD_ER_RCP85_1_CDD_30_20_nCAP,5,-22.0597220427326,-22.566858681617212,-24.527152819772787
275,Capacity|Electricity|Wind,HD_ER_RCP85_1_CDD_30_20_nCAP,95,-17.265580569893395,-10.673493096238962,-7.279880998131808
276,Capacity|Biomass,HD_ER_RCP85_1_CDD_30_20_nCAP,50,22.442937723735074,24.91147641243297,18.887605460732924
277,Capacity|Biomass,HD_ER_RCP85_1_CDD_30_20_nCAP,5,16.437020900518014,17.14706575917534,12.366633856918478
278,Capacity|Biomass,HD_ER_RCP85_1_CDD_30_20_nCAP,95,33.13880893743571,35.67705325567477,28.63440774234205
279,Capacity|Coal,HD_ER_RCP85_1_CDD_30_20_nCAP,50,8.042754755117368,8.658006792592698,380.6289753248135
280,Capacity|Coal,HD_ER_RCP85_1_CDD_30_20_nCAP,5,6.7735734492708115,6.895717798731788,234.93036634444547
281,Capacity|Coal,HD_ER_RCP85_1_CDD_30_20_nCAP,95,9.983796166639387,44.46535501983467,603.056968369843
282,Capacity|Gas,HD_ER_RCP85_1_CDD_30_20_nCAP,50,10.635489565197917,48.99026631278503,60.85351686947027
283,Capacity|Gas,HD_ER_RCP85_1_CDD_30_20_nCAP,5,9.548270357361313,38.304140582040596,44.6306968834378
284,Capacity|Gas,HD_ER_RCP85_1_CDD_30_20_nCAP,95,12.631047135796297,68.61543608147082,98.99805835982373
285,Capacity|Oil,HD_ER_RCP85_1_CDD_30_20_nCAP,50,5.840073363205157,42.56703715162675,64.99038074464805
286,Capacity|Oil,HD_ER_RCP85_1_CDD_30_20_nCAP,5,5.252814334819912,36.625266706265094,52.78302431176438
287,Capacity|Oil,HD_ER_RCP85_1_CDD_30_20_nCAP,95,7.047665144040144,51.338491867422576,86.20165905681901
288,Capacity|Electricity|Hydro,HD_ER_RCP85_1_CDD_30_20_nCAP,50,-3.0367729654939435,5.669804584610048,6.731730093697313
289,Capacity|Electricity|Hydro,HD_ER_RCP85_1_CDD_30_20_nCAP,5,-3.5845015806992016,3.677772692590778,4.756134270743347
290,Capacity|Electricity|Hydro,HD_ER_RCP85_1_CDD_30_20_nCAP,95,-2.180801533358766,8.262835108538294,9.817732058529225
291,Capacity|Electricity|Nuclear,HD_ER_RCP85_1_CDD_30_20_nCAP,50,-0.4227954782638305,9.229649824592785,13.06544911371638
292,Capacity|Electricity|Nuclear,HD_ER_RCP85_1_CDD_30_20_nCAP,5,-1.5230031523454133,6.859514891267384,9.953793937369912
293,Capacity|Electricity|Nuclear,HD_ER_RCP85_1_CDD_30_20_nCAP,95,3.074375117857259,12.043186987324155,16.104313648542185
294,Capacity|Geothermal,HD_ER_RCP85_1_CDD_30_20_nCAP,50,,,
295,Capacity|Geothermal,HD_ER_RCP85_1_CDD_30_20_nCAP,5,,,
296,Capacity|Geothermal,HD_ER_RCP85_1_CDD_30_20_nCAP,95,,,
297,Capacity|Electricity|Solar,HD_ER_RCP85_1_CDD_20_10_nCAP,50,-8.241514176483564,-5.761692796308023,-5.8072220146108995
298,Capacity|Electricity|Solar,HD_ER_RCP85_1_CDD_20_10_nCAP,5,-9.513801795173533,-8.358442723968796,-9.1861784236259
299,Capacity|Electricity|Solar,HD_ER_RCP85_1_CDD_20_10_nCAP,95,-5.618448915472402,-2.259168878212873,-1.0954359086998344
300,Capacity|Electricity|Wind,HD_ER_RCP85_1_CDD_20_10_nCAP,50,-9.251273216606604,-5.992535709517954,-5.101912702266293
301,Capacity|Electricity|Wind,HD_ER_RCP85_1_CDD_20_10_nCAP,5,-10.506985975634283,-8.66102815312418,-8.695472039382063
302,Capacity|Electricity|Wind,HD_ER_RCP85_1_CDD_20_10_nCAP,95,-7.22013280836943,-2.5062063567279607,0.07231054452322837
303,Capacity|Biomass,HD_ER_RCP85_1_CDD_20_10_nCAP,50,22.983679435482554,26.63204914779941,24.208392123800532
304,Capacity|Biomass,HD_ER_RCP85_1_CDD_20_10_nCAP,5,18.827113800367556,22.112317205685745,19.6804924572334
305,Capacity|Biomass,HD_ER_RCP85_1_CDD_20_10_nCAP,95,30.179482268405362,33.68552372135539,31.064649805640546
306,Capacity|Coal,HD_ER_RCP85_1_CDD_20_10_nCAP,50,3.9476297514084933,3.9974221815738997,113.45354689820348
307,Capacity|Coal,HD_ER_RCP85_1_CDD_20_10_nCAP,5,3.392352261094355,3.436504641024412,9.212137339228368
308,Capacity|Coal,HD_ER_RCP85_1_CDD_20_10_nCAP,95,4.830901577682816,4.893932284669852,238.74341759777914
309,Capacity|Gas,HD_ER_RCP85_1_CDD_20_10_nCAP,50,6.766428204802051,31.92449024807069,42.22965581819551
310,Capacity|Gas,HD_ER_RCP85_1_CDD_20_10_nCAP,5,6.033393062606,25.374325158842332,31.656103582678654
311,Capacity|Gas,HD_ER_RCP85_1_CDD_20_10_nCAP,95,7.988418590178492,43.83295381860965,68.14267111595763
312,Capacity|Oil,HD_ER_RCP85_1_CDD_20_10_nCAP,50,4.079861697002918,29.1625192946568,47.48607016763067
313,Capacity|Oil,HD_ER_RCP85_1_CDD_20_10_nCAP,5,3.671521139083218,25.859605255210887,39.370903318798874
314,Capacity|Oil,HD_ER_RCP85_1_CDD_20_10_nCAP,95,4.993937570180439,33.74285668269428,60.84358108400788
315,Capacity|Electricity|Hydro,HD_ER_RCP85_1_CDD_20_10_nCAP,50,-3.509135754352435,2.9159204532395546,4.306284715108723
316,Capacity|Electricity|Hydro,HD_ER_RCP85_1_CDD_20_10_nCAP,5,-3.8096641004653256,2.0089592669574925,3.140876533716288
317,Capacity|Electricity|Hydro,HD_ER_RCP85_1_CDD_20_10_nCAP,95,-2.990038349756646,4.1951721135247295,5.812033649748065
318,Capacity|Electricity|Nuclear,HD_ER_RCP85_1_CDD_20_10_nCAP,50,1.7977207580423857,7.846499261454701,11.164916959042076
319,Capacity|Electricity|Nuclear,HD_ER_RCP85_1_CDD_20_10_nCAP,5,0.9745031007790723,6.689356919840524,9.596769566648314
320,Capacity|Electricity|Nuclear,HD_ER_RCP85_1_CDD_20_10_nCAP,95,4.374979460225233,9.526090577391262,13.072334393581821
321,Capacity|Geothermal,HD_ER_RCP85_1_CDD_20_10_nCAP,50,,,
322,Capacity|Geothermal,HD_ER_RCP85_1_CDD_20_10_nCAP,5,,,
323,Capacity|Geothermal,HD_ER_RCP85_1_CDD_20_10_nCAP,95,,,
324,Capacity|Electricity|Solar,HD_ER_RCP26_1_CDD_30_20_nCAP,50,-19.09100991868404,-18.0983185994641,-18.775507269798897
325,Capacity|Electricity|Solar,HD_ER_RCP26_1_CDD_30_20_nCAP,5,-21.023321494730492,-23.931893783078667,-26.209574972671863
326,Capacity|Electricity|Solar,HD_ER_RCP26_1_CDD_30_20_nCAP,95,-15.703718300574021,-9.953582235039883,-6.24735618532162
327,Capacity|Electricity|Wind,HD_ER_RCP26_1_CDD_30_20_nCAP,50,-19.88744380221549,-19.371507213262525,-19.66898439368235
328,Capacity|Electricity|Wind,HD_ER_RCP26_1_CDD_30_20_nCAP,5,-21.875815467062527,-25.100857229251666,-27.15698054117877
329,Capacity|Electricity|Wind,HD_ER_RCP26_1_CDD_30_20_nCAP,95,-17.068759249668126,-12.363077770669396,-8.026068519253617
330,Capacity|Biomass,HD_ER_RCP26_1_CDD_30_20_nCAP,50,23.146319246291046,16.16418946733034,10.449671300041341
331,Capacity|Biomass,HD_ER_RCP26_1_CDD_30_20_nCAP,5,17.082983617934033,10.080156579455945,4.684158775565929
332,Capacity|Biomass,HD_ER_RCP26_1_CDD_30_20_nCAP,95,33.909219967088376,26.128421455281785,19.326565490352188
333,Capacity|Coal,HD_ER_RCP26_1_CDD_30_20_nCAP,50,8.229337980175705,8.363354122957876,279.9463550785064
334,Capacity|Coal,HD_ER_RCP26_1_CDD_30_20_nCAP,5,6.937034605151859,7.045904860003488,154.30604784405156
335,Capacity|Coal,HD_ER_RCP26_1_CDD_30_20_nCAP,95,10.202734475503846,20.117307699201945,445.58508952980515
336,Capacity|Gas,HD_ER_RCP26_1_CDD_30_20_nCAP,50,10.812658425199041,42.255392360734376,51.48085847816991
337,Capacity|Gas,HD_ER_RCP26_1_CDD_30_20_nCAP,5,9.697729996908471,32.439742112680065,37.27745441435634
338,Capacity|Gas,HD_ER_RCP26_1_CDD_30_20_nCAP,95,12.815346879225686,60.32103654826233,85.49389162513475
339,Capacity|Oil,HD_ER_RCP26_1_CDD_30_20_nCAP,50,5.988538189794237,35.915110764440776,54.108008672117265
340,Capacity|Oil,HD_ER_RCP26_1_CDD_30_20_nCAP,5,5.384387945755275,30.642140126842733,43.05452138135286
341,Capacity|Oil,HD_ER_RCP26_1_CDD_30_20_nCAP,95,7.238203122434746,44.068063974963515,73.3445920484638
342,Capacity|Electricity|Hydro,HD_ER_RCP26_1_CDD_30_20_nCAP,50,-2.7625542100396587,3.5355716039247422,4.211453606648269
343,Capacity|Electricity|Hydro,HD_ER_RCP26_1_CDD_30_20_nCAP,5,-3.3206107130691866,1.9136543230408305,2.4346506418826697
344,Capacity|Electricity|Hydro,HD_ER_RCP26_1_CDD_30_20_nCAP,95,-1.9056720857680252,6.1043061841523345,7.173199009741685
345,Capacity|Electricity|Nuclear,HD_ER_RCP26_1_CDD_30_20_nCAP,50,-0.6069222067930606,7.836925806892002,11.16060566888701
346,Capacity|Electricity|Nuclear,HD_ER_RCP26_1_CDD_30_20_nCAP,5,-1.7119584336183953,5.672736710024317,8.00473232832866
347,Capacity|Electricity|Nuclear,HD_ER_RCP26_1_CDD_30_20_nCAP,95,2.861674546949009,10.688161320631654,14.440197801125757
348,Capacity|Geothermal,HD_ER_RCP26_1_CDD_30_20_nCAP,50,,,
349,Capacity|Geothermal,HD_ER_RCP26_1_CDD_30_20_nCAP,5,,,
350,Capacity|Geothermal,HD_ER_RCP26_1_CDD_30_20_nCAP,95,,,
351,Capacity|Electricity|Solar,HD_ER_RCP26_1_CDD_20_10_nCAP,50,-8.000832044186513,-7.819475687291266,-7.38666219693784
352,Capacity|Electricity|Solar,HD_ER_RCP26_1_CDD_20_10_nCAP,5,-9.279789351975559,-11.15707059917427,-11.955994576249765
353,Capacity|Electricity|Solar,HD_ER_RCP26_1_CDD_20_10_nCAP,95,-5.300517977291006,-3.4960470198098674,-0.8064669059073506
354,Capacity|Electricity|Wind,HD_ER_RCP26_1_CDD_20_10_nCAP,50,-9.043054370291445,-8.461640632030862,-7.560735073595218
355,Capacity|Electricity|Wind,HD_ER_RCP26_1_CDD_20_10_nCAP,5,-10.307181018982119,-11.82158079068767,-12.093706518139413
356,Capacity|Electricity|Wind,HD_ER_RCP26_1_CDD_20_10_nCAP,95,-7.0235484663915395,-4.3973803843635535,-0.9834482534803366
357,Capacity|Biomass,HD_ER_RCP26_1_CDD_20_10_nCAP,50,23.698466029320095,17.525255875573272,15.09608870471596
358,Capacity|Biomass,HD_ER_RCP26_1_CDD_20_10_nCAP,5,19.507730003618803,13.507528093897529,11.182722390227594
359,Capacity|Biomass,HD_ER_RCP26_1_CDD_20_10_nCAP,95,31.03327751609415,24.244610609924973,21.16572139942961
360,Capacity|Coal,HD_ER_RCP26_1_CDD_20_10_nCAP,50,4.091639955329155,4.139729189034254,59.9718715967262
361,Capacity|Coal,HD_ER_RCP26_1_CDD_20_10_nCAP,5,3.5282022138965514,3.5726689678487484,3.837737882200064
362,Capacity|Coal,HD_ER_RCP26_1_CDD_20_10_nCAP,95,4.98718000497338,5.051174702783388,156.97734096885523
363,Capacity|Gas,HD_ER_RCP26_1_CDD_20_10_nCAP,50,6.939025393172214,25.328897384866814,33.193041650090116
364,Capacity|Gas,HD_ER_RCP26_1_CDD_20_10_nCAP,5,6.188604144541038,19.759893479533936,24.51387727735694
365,Capacity|Gas,HD_ER_RCP26_1_CDD_20_10_nCAP,95,8.185189669509882,35.87339404563613,54.45412545766748
366,Capacity|Oil,HD_ER_RCP26_1_CDD_20_10_nCAP,50,4.228703264149142,22.8880676923992,36.618709639009474
367,Capacity|Oil,HD_ER_RCP26_1_CDD_20_10_nCAP,5,3.8089863947141573,19.855806968977532,29.831668207323926
368,Capacity|Oil,HD_ER_RCP26_1_CDD_20_10_nCAP,95,5.160832337868975,27.310723300419646,48.17953379707293
369,Capacity|Electricity|Hydro,HD_ER_RCP26_1_CDD_20_10_nCAP,50,-3.2302876201591926,0.8512247863532144,1.807976151065652
370,Capacity|Electricity|Hydro,HD_ER_RCP26_1_CDD_20_10_nCAP,5,-3.523940791335902,0.04389050058698123,0.798226982549117
371,Capacity|Electricity|Hydro,HD_ER_RCP26_1_CDD_20_10_nCAP,95,-2.7193237467794535,2.2381504793654665,3.4051175394250004
372,Capacity|Electricity|Nuclear,HD_ER_RCP26_1_CDD_20_10_nCAP,50,1.5881544825733316,6.541530469032715,9.352173214089646
373,Capacity|Electricity|Nuclear,HD_ER_RCP26_1_CDD_20_10_nCAP,5,0.7403216491422242,5.387562974881975,7.661696583813601
374,Capacity|Electricity|Nuclear,HD_ER_RCP26_1_CDD_20_10_nCAP,95,4.260006489619574,8.444019210826106,11.352181883566448
375,Capacity|Geothermal,HD_ER_RCP26_1_CDD_20_10_nCAP,50,,,
376,Capacity|Geothermal,HD_ER_RCP26_1_CDD_20_10_nCAP,5,,,
377,Capacity|Geothermal,HD_ER_RCP26_1_CDD_20_10_nCAP,95,,,
